id,title,price,currency,regular_price,discount_percent,brand,sku,url,image,description,in_stock,source,country,scraped_at,processor,gpu,ram_gb,storage,screen_size
58256,Ecran ASUS ZenScreen MB165B 15.6'' WXGA 60 Hz,429.0,TND,499.0,14.03,ASUS,[90LM0703-B01170],https://www.mytek.tn/ecran-asus-zenscreen-mb165b-15-6-wxga-60-hz.html,https://mk-media.mytek.tn/media/catalog/product/cache/4635b69058c0dccf0c8109f6ac6742cc/e/c/ecran-asus-zenscreen-mb165b-15-6-wxga-60-hz-1.jpg,"Écran ASUS ZenScreen MB165B - Taille de l'écran: 15.6"" WXGA, 60 Hz - Résolution: 1366 x 768 pixels - Type d'éclairage: LED - Type de dalle: TN - Format d'écran: 16:9 - Rapport de contraste: 500:1 - Luminosité: 220 cd/m² ...",False,mytek,Tunisia,2025-12-28T22:44:48.731604,,,,,"15.6"""
66564,PC Portable HP 15-fd0421nk Intel N100 4Go 256Go SSD - Noir,799.0,TND,,0.0,HP,[BU8T3EA],https://www.mytek.tn/pc-portable-hp-15-fd0421nk-intel-n100-4go-256go-ssd-noir.html,https://mk-media.mytek.tn/media/catalog/product/cache/4635b69058c0dccf0c8109f6ac6742cc/p/c/pc-portable-hp-15-fd0421nk-intel-n100-4go-256go-ssd-noir.jpg,"Écran 15.6"" HD - Processeur: Intel® N100 (Up to 3,40 GHz Turbo max, 6 Mo de mémoire cache, Quad-Core) - Système d'exploitation: FreeDos - Mémoire: 4 Go DDR4-3200 MHz - Disque dur: 256 Go SSD - Carte graphique: Intel UHD ...",True,mytek,Tunisia,2025-12-28T22:44:48.732602,,,4.0,4Go,
59683,PC Portable LENOVO IdeaPad 1 15IJL7 Intel Celeron N4500 8Go 256Go SSD - Gris,839.0,TND,,0.0,LENOVO,[82LX00CFFG],https://www.mytek.tn/pc-portable-lenovo-ideapad-1-15ijl7-intel-celeron-n4500-8go-256go-ssd-gris.html,https://mk-media.mytek.tn/media/catalog/product/cache/4635b69058c0dccf0c8109f6ac6742cc/p/c/pc-portable-lenovo-ideapad-1-15ijl7-intel-celeron-n4500-8go-256go-ssd-gris-mt.jpg,"Écran 15.6"" HD - Processeur: Intel Celeron N4500 (1.10 GHz up to 2.80 GHz, 4Mo de mémoire cache, Dual-Core) - Système d'exploitation: FreeDos - Mémoire RAM: 8  Go DDR4 - Disque Dur: 256 Go SSD - Carte Graphique: Intel UH...",True,mytek,Tunisia,2025-12-28T22:44:48.732602,,,8.0,8Go,
66924,PC Portable LENOVO IdeaPad 1 15IJL7 Intel Celeron N4500 8Go 256G SSD,839.0,TND,,0.0,LENOVO,[BU-82LX00CFFG-SAC],https://www.mytek.tn/pc-portable-lenovo-ideapad-1-15ijl7-intel-celeron-n4500-8go-256g-ssd.html,https://mk-media.mytek.tn/media/catalog/product/cache/4635b69058c0dccf0c8109f6ac6742cc/p/c/pc-portable-lenovo-ideapad-1-15ijl7-intel-celeron-n4500-8-go-256go-ssd-gris-mt.jpg,"Écran 15.6"" HD - Processeur: Intel Celeron N4500 (1.10 GHz up to 2.80 GHz, 4Mo de mémoire cache, Dual-Core) - Système d'exploitation: FreeDos - Mémoire RAM: 8  Go DDR4 - Disque Dur: 256 Go SSD - Carte Graphique: Intel UH...",True,mytek,Tunisia,2025-12-28T22:44:48.733602,,,8.0,8Go,
66930,PC Portable LENOVO IdeaPad 1 15IJL7 Intel Celeron N4500 8Go 256Go SSD - Bleu,839.0,TND,,0.0,LENOVO,[82LX00CKFG],https://www.mytek.tn/pc-portable-lenovo-ideapad-1-15ijl7-intel-celeron-n4500-8go-256go-ssd-bleu.html,https://mk-media.mytek.tn/media/catalog/product/cache/4635b69058c0dccf0c8109f6ac6742cc/p/c/pc-portable-lenovo-ideapad-1-15ijl7-intel-celeron-n4500-8go-256go-ssd-bleu_1.jpg,"Écran 15.6"" HD - Processeur: Intel Celeron N4500 (1.10 GHz up to 2.80 GHz, 4Mo de mémoire cache, Dual-Core) - Système d'exploitation: FreeDos - Mémoire RAM: 8  Go DDR4-2933 - Disque Dur: 256 Go SSD - Carte Graphique: Int...",True,mytek,Tunisia,2025-12-28T22:44:48.734603,,,8.0,8Go,
67409,PC Portable LENOVO IdeaPad1 15IJL7 Intel Celeron N4500 8G 256G SSD,839.0,TND,,0.0,LENOVO,[BU-82LX00CKFG-SAC],https://www.mytek.tn/pc-portable-lenovo-ideapad1-15ijl7-intel-celeron-n4500-8g-256g-ssd.html,https://mk-media.mytek.tn/media/catalog/product/cache/4635b69058c0dccf0c8109f6ac6742cc/p/c/pc-portable-lenovo-ideapad1-15ijl7-intel-celeron-n4500-8g-256g-ssd-mt.jpg,"Écran 15.6"" HD - Processeur: Intel Celeron N4500 (1.10 GHz up to 2.80 GHz, 4Mo de mémoire cache, Dual-Core) - Système d'exploitation: FreeDos - Mémoire RAM: 8 Go DDR4 - Disque Dur: 256 Go SSD - Carte Graphique: Intel UHD...",True,mytek,Tunisia,2025-12-28T22:44:48.734603,,,,,
67719,PC Portable HP 15-fd0592nk Intel N100 8Go 256Go SSD - Noir,849.0,TND,,0.0,HP,[CB6C9EA],https://www.mytek.tn/pc-portable-hp-15-fd0592nk-intel-n100-8go-256go-ssd-noir.html,https://mk-media.mytek.tn/media/catalog/product/cache/4635b69058c0dccf0c8109f6ac6742cc/p/c/pc-portable-hp-15-fd0592nk-intel-n100-8go-256go-ssd-noir.jpg,"Écran 15.6"" HD - Processeur: Intel® N100 (Up to 3,40 GHz Turbo max, 6 Mo de mémoire cache, Quad-Core) - Système d'exploitation: FreeDos - Mémoire: 8 Go DDR4 - Disque dur: 256 Go SSD - Carte graphique: Intel UHD Graphics,...",True,mytek,Tunisia,2025-12-28T22:44:48.735605,,,8.0,8Go,
63776,PC Portable LENOVO IdeaPad 1 15IJL7 Intel Celeron N 4500 8Go 256G SSD - Gris,859.0,TND,,0.0,LENOVO,[82LX00G4FG],https://www.mytek.tn/pc-portable-lenovo-ideapad-1-15ijl7-intel-celeron-n-4500-8go-256g-ssd-gris.html,https://mk-media.mytek.tn/media/catalog/product/cache/4635b69058c0dccf0c8109f6ac6742cc/p/c/pc-portable-lenovo-ideapad-1-15ijl7-intel-celeron-n-4500-8go-256g-ssd-gris.jpg,"PC Portable LENOVO IdeaPad 1 - Écran 15.6"" HD - Processeur: Intel Celeron N4500 (1.10 GHz up to 2.80 GHz, 4Mo de mémoire cache, Dual-Core) - Système d'exploitation: FreeDos - Mémoire RAM: 8  Go DDR4 - Disque Dur: 256 Go ...",True,mytek,Tunisia,2025-12-28T22:44:48.736602,,,8.0,8Go,
67722,PC Portable HP 15-fd0590nk Intel N100 4Go 256Go SSD - Bleu,859.0,TND,,0.0,HP,[CB6C7EA],https://www.mytek.tn/pc-portable-hp-15-fd0590nk-intel-n100-4go-256go-ssd-bleu.html,https://mk-media.mytek.tn/media/catalog/product/cache/4635b69058c0dccf0c8109f6ac6742cc/p/c/pc-portable-hp-15-fd0590nk-intel-n100-4go-256go-ssd-bleu-1.jpg,"Écran 15.6"" Full HD - Processeur: Intel® N100 (Up to 3,40 GHz Turbo max, 6 Mo de mémoire cache, Quad-Core) - Système d'exploitation: Windows 11 Famille - Mémoire: 4 Go DDR4 - Disque dur: 256 Go SSD - Carte graphique: Int...",True,mytek,Tunisia,2025-12-28T22:44:48.736602,,,4.0,4Go,
67729,PC Portable HP 15-fd0591nk Intel N100 4Go 256Go SSD - Gris,859.0,TND,,0.0,HP,[CB6C8EA],https://www.mytek.tn/pc-portable-hp-15-fd0591nk-intel-n100-4go-256go-ssd-gris.html,https://mk-media.mytek.tn/media/catalog/product/cache/4635b69058c0dccf0c8109f6ac6742cc/p/c/pc-portable-hp-15-fd0591nk-intel-n100-4go-256go-ssd-gris.jpg,"Écran 15.6"" Full HD - Processeur: Intel® N100 (Up to 3,40 GHz Turbo max, 6 Mo de mémoire cache, Quad-Core) - Système d'exploitation: Windows 11 Famille - Mémoire: 4 Go DDR4 - Disque dur: 256 Go SSD - Carte graphique: Int...",True,mytek,Tunisia,2025-12-28T22:44:48.737603,,,4.0,4Go,
59927,PC Portable LENOVO IdeaPad 1 15IJL7 Intel Celeron N4500 8G 256Go SSD - Gris,879.0,TND,,0.0,LENOVO,[82LX00CEFG],https://www.mytek.tn/pc-portable-lenovo-ideapad-1-15ijl7-intel-celeron-n4500-8g-256go-ssd-gris.html,https://mk-media.mytek.tn/media/catalog/product/cache/4635b69058c0dccf0c8109f6ac6742cc/p/c/pc-portable-lenovo-ideapad-1-15ijl7-intel-celeron-n4500-8g-256go-ssd-gris-mp.jpg,"Écran 15.6"" HD - Processeur: Intel Celeron N4500 (1.10 GHz up to 2.80 GHz, 4Mo de mémoire cache, Dual-Core) - Système d'exploitation: Windows 11 Famille - Mémoire RAM: 8  Go DDR4 - Disque Dur: 256 Go SSD - Carte Graphiqu...",True,mytek,Tunisia,2025-12-28T22:44:48.738603,,,256.0,256Go,
60372,PC Portable LENOVO IdeaPad 1 15IJL7 Intel Celeron N4500 8G 256Go SSD - Bleu,879.0,TND,,0.0,LENOVO,[82LX00CDFG],https://www.mytek.tn/pc-portable-lenovo-ideapad-1-15ijl7-intel-celeron-n4500-8g-256go-ssd-bleu.html,https://mk-media.mytek.tn/media/catalog/product/cache/4635b69058c0dccf0c8109f6ac6742cc/p/c/pc-portable-lenovo-ideapad-1-15ijl7-intel-celeron-n4500-8g-256go-ssd-bleu-mp.jpg,"Écran 15.6"" HD - Processeur: Intel Celeron N4500 (1.10 GHz up to 2.80 GHz, 4Mo de mémoire cache, Dual-Core) - Système d'exploitation: Windows 11 Famille - Mémoire RAM: 8  Go DDR4-2933 - Disque Dur: 256 Go SSD - Carte Gra...",True,mytek,Tunisia,2025-12-28T22:44:48.739603,,,256.0,256Go,
63198,PC Portable LENOVO IdeaPad 1 15IJL7 Intel Celeron N4500 8G 256Go SSD,879.0,TND,,0.0,LENOVO,[82LX00EBFG],https://www.mytek.tn/pc-portable-lenovo-ideapad-1-15ijl7-intel-celeron-n4500-8g-256go-ssd.html,https://mk-media.mytek.tn/media/catalog/product/cache/4635b69058c0dccf0c8109f6ac6742cc/p/c/pc-portable-lenovo-ideapad-1-15ijl7-intel-celeron-n4500-8g-256go-ssd-mt.jpg,"Écran 15.6"" HD - Processeur: Intel Celeron N4500 (1.10 GHz up to 2.80 GHz, 4Mo de mémoire cache, Dual-Core) - Système d'exploitation: FreeDos - Mémoire RAM: 8  Go DDR4 - Disque Dur: 256 Go SSD - Carte Graphique: Intel UH...",True,mytek,Tunisia,2025-12-28T22:44:48.740604,,,256.0,256Go,
63199,PC Portable LENOVO IdeaPad 1 15IJL7 Intel Celeron N4500 8G 256G SSD,879.0,TND,,0.0,LENOVO,[82LX00ECFG],https://www.mytek.tn/pc-portable-lenovo-ideapad-1-15ijl7-intel-celeron-n4500-8g-256g-ssd.html,https://mk-media.mytek.tn/media/catalog/product/cache/4635b69058c0dccf0c8109f6ac6742cc/p/c/pc-portable-lenovo-ideapad-1-15ijl7-intel-celeron-n4500-8g-256g-ssd-mt.jpg,"Écran 15.6"" HD - Processeur: Intel Celeron N4500 (1.10 GHz up to 2.80 GHz, 4Mo de mémoire cache, Dual-Core) - Système d'exploitation: FreeDos - Mémoire RAM: 8  Go DDR4 - Disque Dur: 256 Go SSD - Carte Graphique: Intel UH...",True,mytek,Tunisia,2025-12-28T22:44:48.741602,,,,,
66927,PC Portable LENOVO IdeaPad1 15IJL7 Intel Celeron N4500 8G 256G SSD - Gris,899.0,TND,,0.0,LENOVO,[82LX00CFFG-W11P],https://www.mytek.tn/pc-portable-lenovo-ideapad1-15ijl7-intel-celeron-n4500-8g-256g-ssd-gris.html,https://mk-media.mytek.tn/media/catalog/product/cache/4635b69058c0dccf0c8109f6ac6742cc/p/c/pc-portable-lenovo-ideapad1-15ijl7-intel-celeron-n4500-8g-256g-ssd-gris.jpg,"Écran 15.6"" HD - Processeur: Intel Celeron N4500 (1.10 GHz up to 2.80 GHz, 4Mo de mémoire cache, Dual-Core) - Système d'exploitation: Windows 11 Pro - Mémoire RAM: 8  Go DDR4 - Disque Dur: 256 Go SSD - Carte Graphique: I...",True,mytek,Tunisia,2025-12-28T22:44:48.741602,,,,,
67404,PC Portable LENOVO IdeaPad1 15IJL7 Intel Celeron N4500 8G 256G SSD - Bleu,899.0,TND,,0.0,LENOVO,[82LX00CKFG-W11P],https://www.mytek.tn/pc-portable-lenovo-ideapad1-15ijl7-intel-celeron-n4500-8g-256g-ssd-bleu.html,https://mk-media.mytek.tn/media/catalog/product/cache/4635b69058c0dccf0c8109f6ac6742cc/p/c/pc-portable-lenovo-ideapad1-15ijl7-intel-celeron-n4500-8g-256g-ssd-bleu.jpg,"Écran 15.6"" HD - Processeur: Intel Celeron N4500 (1.10 GHz up to 2.80 GHz, 4Mo de mémoire cache, Dual-Core) - Système d'exploitation: Windows 11 Pro - Mémoire RAM: 8 Go DDR4 - Disque Dur: 256 Go SSD - Carte Graphique: In...",False,mytek,Tunisia,2025-12-28T22:44:48.742605,,,,,
63612,PC Portable LENOVO IdeaPad 1 15IJL7 Intel Celeron N4500 8Go 256G SSD - Gris,919.0,TND,,0.0,LENOVO,[82LX00EAFG],https://www.mytek.tn/pc-portable-lenovo-ideapad-1-15ijl7-intel-celeron-n4500-8go-256g-ssd-gris.html,https://mk-media.mytek.tn/media/catalog/product/cache/4635b69058c0dccf0c8109f6ac6742cc/p/c/pc-portable-lenovo-ideapad-1-15ijl7-intel-celeron-n4500-8go-256g-ssd-gris-a.jpg,"Écran 15.6"" HD - Processeur: Intel Celeron N4500 (1.10 GHz up to 2.80 GHz, 4Mo de mémoire cache, Dual-Core) - Système d'exploitation: Windows 11 Famille - Mémoire RAM: 8 Go DDR4 - Disque Dur: 256 Go SSD - Carte Graphique...",True,mytek,Tunisia,2025-12-28T22:44:48.743568,,,8.0,8Go,
67891,PC Portable BMAX MaxBook X15 Pro Intel N95 12è Gén 16Go 512Go SSD,919.0,TND,,0.0,BMAX,[MAXBOOK-X15PRO],https://www.mytek.tn/pc-portable-bmax-maxbook-x15-pro-intel-n95-12e-gen-16go-512go-ssd.html,https://mk-media.mytek.tn/media/catalog/product/cache/4635b69058c0dccf0c8109f6ac6742cc/p/c/pc-portable-bmax-maxbook-x15-pro-intel-n95-12e-gen-16go-512go-ssd-3.jpg,"Écran 15.6"" Full HD,LCD IPS - Processeur: Intel® N95 de 12è Génération (Up to 3.40 GHz Turbo max, 6Mo de mémoire cache, Quad-Core) - Système d'exploitation: Windows 11 Pro - Mémoire RAM: 16 Go LPDDR4 - Disque Dur: 512 Go...",True,mytek,Tunisia,2025-12-28T22:44:48.744568,,,16.0,16Go,
67753,PC Portable CHUWI CoreBook i3 10è Gén 8Go 256Go SSD - Gris,999.0,TND,,0.0,CHUWI,[COREBOOK-I3],https://www.mytek.tn/pc-portable-chuwi-corebook-i3-10e-gen-8go-256go-ssd-gris.html,https://mk-media.mytek.tn/media/catalog/product/cache/4635b69058c0dccf0c8109f6ac6742cc/p/c/pc-portable-chuwi-corebook-i3-10e-gen-8go-256go-ssd-gris-1.jpg,"Écran 14"" Full HD, IPS - Processeur: Intel Core i3-10100Y (1.30 GHz Up to 3.90 GHz Turbo max, 4 Mo de mémoire cache, Dual-Core) - Système d'exploitation: Windows 11 Famille - Mémoire: 8 Go - Disque dur: 256 Go SSD - Cart...",True,mytek,Tunisia,2025-12-28T22:44:48.745564,,,8.0,8Go,
66991,PC Portable BMAX MaxBook X15 Power i3-8109U 16Go 512Go SSD,,TND,,0.0,BMAX,[X15POWER-I3],https://www.mytek.tn/pc-portable-bmax-maxbook-x15-power-i3-8109u-16go-512go-ssd.html,https://mk-media.mytek.tn/media/catalog/product/cache/4635b69058c0dccf0c8109f6ac6742cc/p/c/pc-portable-bmax-maxbook-x15-power-i3-8109u-16go-512go-ssd-3.jpg,"Écran 15.6"" Full HD, IPS - Processeur: Intel Core i3-8109U (3.00 GHz up to 3.60 GHz Turbo max, 4Mo de mémoire cache, Dual-Core) - Système d'exploitation: Windows 11 Famille - Mémoire RAM: 16 Go DDR4 - Disque Dur: 512Go S...",True,mytek,Tunisia,2025-12-28T22:44:48.749682,,,16.0,16Go,
67106,PC Portable LENOVO IdeaPad Slim 3 15AMN8 AMD RYZEN 3 8G 256G SSD - Gris,,TND,,0.0,LENOVO,[82XQ00HCFG],https://www.mytek.tn/pc-portable-lenovo-ideapad-slim-3-15amn8-amd-ryzen-3-8g-256g-ssd-gris.html,https://mk-media.mytek.tn/media/catalog/product/cache/4635b69058c0dccf0c8109f6ac6742cc/p/c/pc-portable-lenovo-ideapad-slim-3-15amn8-amd-ryzen-3-8g-256g-ssd-gris-a.jpg,"Ecran 15.6"" Full HD - Processeur: AMD Ryzen™ 3 7320U (2.4 GHz up to 4.1 GHz Turbo max, 4 Mo de mémoire cache, Quad-Core) - Système d'exploitation: Windows 11 Famille - Mémoire RAM: 8 Go - Disque Dur: 256 Go SSD - Carte G...",True,mytek,Tunisia,2025-12-28T22:44:48.750604,,,,,
68154,PC Portable LENOVO IdeaPad Slim 3 15AMN8 AMD RYZEN 3 8Go 256Go SSD - Gris,,TND,,0.0,LENOVO,[BU-82XQ00HCFG-S],https://www.mytek.tn/pc-portable-lenovo-ideapad-slim-3-15amn8-amd-ryzen-3-8go-256go-ssd-gris.html,https://mk-media.mytek.tn/media/catalog/product/cache/4635b69058c0dccf0c8109f6ac6742cc/p/c/pc-portable-lenovo-ideapad-slim-3-15amn8-amd-ryzen-3-8go-256go-ssd-gris-st.jpg,"Ecran 15.6"" Full HD - Processeur: AMD Ryzen™ 3 7320U (2.4 GHz up to 4.1 GHz Turbo max, 4 Mo de mémoire cache, Quad-Core) - Système d'exploitation: Windows 11 Famille - Mémoire RAM: 8 Go - Disque Dur: 256 Go SSD - Carte G...",True,mytek,Tunisia,2025-12-28T22:44:48.751603,,,8.0,8Go,
64536,PC Portable DELL 15 Intel Core 3 100U 8Go 512Go SSD - Noir,,TND,,0.0,DELL,[DC15250-C3],https://www.mytek.tn/pc-portable-dell-15-intel-core-3-100u-8go-512go-ssd-silver.html,https://mk-media.mytek.tn/media/catalog/product/cache/4635b69058c0dccf0c8109f6ac6742cc/p/c/pc-portable-dell-15-intel-core-3-100u-8go-512go-ssd-silver-u.jpg,"Écran 15.6"" Full HD IPS, 120Hz - Processeur: Intel Core 3 100U (Up to 4.7 GHz Turbo max ,10Mo de mémoire cache, Hexa-Core) - Système d'exploitation: FreeDos - Mémoire RAM: 8 Go - Disque dur: 512 Go SSD - Carte graphique:...",True,mytek,Tunisia,2025-12-28T22:44:48.752598,,,8.0,8Go,
49117,Pc Portable DELL Vostro 3530 i3 13ème Gén 8Go 512Go SSD - Noir,,TND,,0.0,DELL,[VOSTRO-3530-I3-512SSD],https://www.mytek.tn/pc-portable-dell-vostro-3530-i3-13eme-gen-8go-512go-ssd-noir.html,https://mk-media.mytek.tn/media/catalog/product/cache/4635b69058c0dccf0c8109f6ac6742cc/p/c/pc-portable-dell-vostro-3530-i3-13eme-gen-8go-512go-ssd-noir.jpg,"Écran 15.6"" Full HD, 120Hz - Processeur: Intel Core i3-1305U (Up to 4,50 GHz Turbo max, 10 Mo de mémoire cache, 5-Cores) - Système d'exploitation: FreeDos - Mémoire RAM: 8 Go - Disque dur: 512Go SSD - Carte graphique: In...",True,mytek,Tunisia,2025-12-28T22:44:48.752598,,,8.0,8Go,
67740,PC Portable CHUWI MiniBook X N150 16Go 512Go SSD - Gris,,TND,,0.0,CHUWI,[MINIBOOK-X],https://www.mytek.tn/pc-portable-chuwi-minibook-x-n150-16go-512go-ssd-gris.html,https://mk-media.mytek.tn/media/catalog/product/cache/4635b69058c0dccf0c8109f6ac6742cc/p/c/pc-portable-chuwi-minibook-x-n150-16go-512go-ssd-gris.jpg,"Écran 10.51"" Full HD+, IPS Tactile - Processeur: Intel® N150 (Up to 3.6 GHz Turbo max, 6 Mo de mémoire cache, Quad-Core) - Système d'exploitation: Windows 11 Famille - Mémoire: 16 Go LPDDR5 - Disque dur: 512 Go SSD - Car...",True,mytek,Tunisia,2025-12-28T22:44:48.753601,,,16.0,16Go,
66806,PC Portable DELL 15 Intel Core 3 100U 12Go 512Go SSD - Noir,,TND,,0.0,DELL,[DC15250-C3-12G],https://www.mytek.tn/pc-portable-dell-15-intel-core-3-100u-12go-512go-ssd-noir.html,https://mk-media.mytek.tn/media/catalog/product/cache/4635b69058c0dccf0c8109f6ac6742cc/p/c/pc-portable-dell-15-intel-core-3-100u-12go-512go-ssd-noir.jpg,"Écran 15.6"" Full HD IPS, 120Hz - Processeur: Intel Core 3 100U (Up to 4.7 GHz Turbo max ,10Mo de mémoire cache, Hexa-Core) - Système d'exploitation: FreeDos - Mémoire RAM: 12 Go - Disque dur: 512 Go SSD - Carte graphique...",True,mytek,Tunisia,2025-12-28T22:44:48.754598,,,12.0,12Go,
60187,PC Portable LENOVO IdeaPad Slim 3 15IRU8 i3 13è Gén 8G 512G SSD - Gris,,TND,,0.0,LENOVO,[82X700DFFG],https://www.mytek.tn/pc-portable-lenovo-ideapad-slim-3-15iru8-i3-13e-gen-8g-512g-ssd-gris.html,https://mk-media.mytek.tn/media/catalog/product/cache/4635b69058c0dccf0c8109f6ac6742cc/p/c/pc-portable-lenovo-ideapad-slim-3-15iru8-i3-13e-gen-8g-512g-ssd-gris-mt.jpg,"Écran 15.6"" Full HD - Processeur: Intel Core i3-1315U (Up to 4.50 GHz Turbo max, 10 Mo de mémoire cache, Hexa-Core) - Système d'exploitation: FreeDos - Mémoire RAM: 8 Go - Disque Dur: 512 Go SSD - Carte Graphique: Intel ...",True,mytek,Tunisia,2025-12-28T22:44:48.755598,,,,,
65229,PC Portable DELL 15 Intel Core 3 100U 8G 512Go SSD - Noir,,TND,,0.0,DELL,[DC15250-C3-W11P],https://www.mytek.tn/pc-portable-dell-15-intel-core-3-100u-8g-512go-ssd-silver.html,https://mk-media.mytek.tn/media/catalog/product/cache/4635b69058c0dccf0c8109f6ac6742cc/p/c/pc-portable-dell-15-intel-core-3-100u-8g-512go-ssd-silver-a.jpg,"Écran 15.6"" Full HD IPS, 120Hz - Processeur: Intel Core 3 100U (Up to 4.7 GHz Turbo max ,10Mo de mémoire cache, Hexa-Core) - Système d'exploitation: Windows 11 Pro - Mémoire RAM: 8 Go - Disque dur: 512 Go SSD - Carte gra...",True,mytek,Tunisia,2025-12-28T22:44:48.755598,,,512.0,512Go,
67135,Pc Portable DELL VOSTRO 3530 i3 13ème Gén 8G 512G SSD - Noir,,TND,,0.0,DELL,[BU-VOSTRO-3530-I3-512SSD-W11],https://www.mytek.tn/pc-portable-dell-vostro-3530-i3-13eme-gen-8g-512g-ssd-noir.html,https://mk-media.mytek.tn/media/catalog/product/cache/4635b69058c0dccf0c8109f6ac6742cc/p/c/pc-portable-dell-vostro-3530-i3-13eme-gen-8g-512g-ssd-noir.jpg,"Écran 15.6"" Full HD, 120Hz - Processeur: Intel Core i3-1305U (Up to 4,50 GHz Turbo max, 10 Mo de mémoire cache, 5-Cores) - Système d'exploitation: Windows 11 Pro - Mémoire RAM: 8 Go - Disque dur: 512Go SSD - Carte graphi...",True,mytek,Tunisia,2025-12-28T22:44:48.756594,,,,,
66354,Pc Portable DELL Vostro 3530 i3 13ème Gén 12Go 512Go SSD - Noir,,TND,,0.0,DELL,[VOSTRO-3530-I3-512SSD-12G],https://www.mytek.tn/pc-portable-dell-vostro-3530-i3-13eme-gen-12go-512go-ssd-noir.html,https://mk-media.mytek.tn/media/catalog/product/cache/4635b69058c0dccf0c8109f6ac6742cc/p/c/pc-portable-dell-vostro-3530-i3-13eme-gen-12go-512go-ssd-noir.jpg,"Écran 15.6"" Full HD, 120Hz - Processeur: Intel Core i3-1305U (Up to 4,50 GHz Turbo max, 10 Mo de mémoire cache, 5-Cores) - Système d'exploitation: FreeDos - Mémoire RAM: 12 Go - Disque dur: 512Go SSD - Carte graphique: I...",True,mytek,Tunisia,2025-12-28T22:44:48.757590,,,12.0,12Go,
59425,Pc Portable MSI Modern 15 F13MG i3 13ème Gén 8Go 512Go SSD,,TND,,0.0,MSI,[9S7-15S121-406],https://www.mytek.tn/pc-portable-msi-modern-15-f13mg-i3-13eme-gen-8go-512go-ssd.html,https://mk-media.mytek.tn/media/catalog/product/cache/4635b69058c0dccf0c8109f6ac6742cc/p/c/pc-portable-msi-modern-15-f13mg-i3-13eme-gen-8go-512go-ssd-kt.jpg,"Écran 15.6"" FULL HD, IPS - Processeur: Intel Core i3-1315U (up to 4.5 GHz Turbo max, 10 Mo de mémoire cache, Hexa-Core) - Système d'exploitation: FreeDos - Mémoire RAM: 8 Go - Disque dur: 512 Go SSD - Carte graphique: In...",True,mytek,Tunisia,2025-12-28T22:44:48.758620,,,8.0,8Go,
67632,PC Portable HP 15-fd0438nk i3 13è Gén 8Go 512Go SSD - Noir,,TND,,0.0,HP,[C2BV7EA],https://www.mytek.tn/pc-portable-hp-15-fd0438nk-i3-13e-gen-8go-512go-ssd-noir.html,https://mk-media.mytek.tn/media/catalog/product/cache/4635b69058c0dccf0c8109f6ac6742cc/p/c/pc-portable-hp-15-fd0438nk-i3-13e-gen-8go-512go-ssd-noir.jpg,"Écran 15.6"" Full HD - Processeur: Intel Core i3-1315U (Up to 4.50 GHz Turbo max, 10 Mo de mémoire cache, Hexa-Core) - Système d'exploitation: FreeDos - Mémoire RAM: 8 Go DDR4 - Disque Dur: 512Go SSD - Carte Graphique: In...",True,mytek,Tunisia,2025-12-28T22:44:48.759572,,,8.0,8Go,
67736,PC Portable HP 15-fd0598nk i3 13è Gén 8Go 512Go SSD - Silver,,TND,,0.0,HP,[CV3M9EA],https://www.mytek.tn/pc-portable-hp-15-fd0598nk-i3-13e-gen-8go-512go-ssd-silver.html,https://mk-media.mytek.tn/media/catalog/product/cache/4635b69058c0dccf0c8109f6ac6742cc/p/c/pc-portable-hp-15-fd0598nk-i3-13e-gen-8go-512go-ssd-silver.jpg,"Écran 15.6"" Full HD - Processeur: Intel Core i3-1315U (Up to 4.50 GHz Turbo max, 10 Mo de mémoire cache, Hexa-Core) - Système d'exploitation: FreeDos - Mémoire RAM: 8 Go DDR4 - Disque Dur: 512Go SSD - Carte Graphique: In...",True,mytek,Tunisia,2025-12-28T22:44:48.760601,,,8.0,8Go,
65257,PC Portable ASUS Vivobook 15 X1504VA i3 13ème Gén 8Go 512Go SSD - Bleu,,TND,,0.0,ASUS,[X1504VA-BQ2896W],https://www.mytek.tn/pc-portable-asus-vivobook-15-x1504va-i3-13eme-gen-8go-512go-ssd-bleu.html,https://mk-media.mytek.tn/media/catalog/product/cache/4635b69058c0dccf0c8109f6ac6742cc/p/c/pc-portable-asus-vivobook-15-x1504va-i3-13eme-gen-8go-512go-ssd-bleu_1_.jpg,"Écran 15.6"" Full HD - Processeur: Intel Core i3-1315U (Up to 4.50 GHz Turbo max, 10Mo Mémoire cache, Hexa-Core) - Système d'exploitation: Windows 11 Famille - Mémoire RAM: 8 Go DDR4 - Disque Dur: 512 Go SSD - Carte Graph...",False,mytek,Tunisia,2025-12-28T22:44:48.761599,,,8.0,8Go,
65265,PC Portable ASUS Vivobook 15 X1504VA i3 13ème Gén 8G 512G SSD - Silver,,TND,,0.0,ASUS,[X1504VA-BQ2895W],https://www.mytek.tn/pc-portable-asus-vivobook-15-x1504va-i3-13eme-gen-8g-512g-ssd-silver.html,https://mk-media.mytek.tn/media/catalog/product/cache/4635b69058c0dccf0c8109f6ac6742cc/p/c/pc-portable-asus-vivobook-15-x1504va-i3-13eme-gen-8g-512g-ssd-silver.png,"Écran 15.6"" Full HD - Processeur: Intel Core i3-1315U (Up to 4,50 GHz Turbo max, 10Mo Mémoire cache, Hexa-Core) - Système d'exploitation: Windows 11 Famille - Mémoire RAM: 8 Go DDR4 - Disque Dur: 512 Go SSD - Carte Graph...",True,mytek,Tunisia,2025-12-28T22:44:48.761599,,,,,
65162,PC Portable DELL 15 Intel Core 3 100U 16Go 512Go SSD - Noir,,TND,,0.0,DELL,[DC15250-C3-16G],https://www.mytek.tn/pc-portable-dell-15-intel-core-3-100u-16go-512go-ssd-silver.html,https://mk-media.mytek.tn/media/catalog/product/cache/4635b69058c0dccf0c8109f6ac6742cc/p/c/pc-portable-dell-15-intel-core-3-100u-16go-512go-ssd-silver-w.jpg,"Écran 15.6"" Full HD IPS, 120Hz - Processeur: Intel Core 3 100U (Up to 4.7 GHz Turbo max ,10Mo de mémoire cache, Hexa-Core) - Système d'exploitation: FreeDos - Mémoire RAM: 16 Go - Disque dur: 512 Go SSD - Carte graphique...",True,mytek,Tunisia,2025-12-28T22:44:48.762600,,,16.0,16Go,
67803,PC Portable HP 15-fd0597nk i3 13è Gén 8Go 512Go SSD - Silver,,TND,,0.0,HP,[CV3M8EA],https://www.mytek.tn/pc-portable-hp-15-fd0597nk-i3-13e-gen-8go-512go-ssd-silver.html,https://mk-media.mytek.tn/media/catalog/product/cache/4635b69058c0dccf0c8109f6ac6742cc/p/c/pc-portable-hp-15-fd0597nk-i3-13e-gen-8go-512go-ssd-silver.jpg,"Écran 15.6"" Full HD - Processeur: Intel Core i3-1315U (Up to 4.50 GHz Turbo max, 10 Mo de mémoire cache, Hexa-Core) - Système d'exploitation: Windows 11 Famille - Mémoire RAM: 8 Go DDR4 - Disque Dur: 512Go SSD - Carte Gr...",True,mytek,Tunisia,2025-12-28T22:44:48.763598,,,8.0,8Go,
60990,PC Portable LENOVO V15 G4 IRU i3 13ème Gén 16Go 512G SSD - Noir,,TND,,0.0,LENOVO,[BU-83A100UJFE-16G-W11P],https://www.mytek.tn/pc-portable-lenovo-v15-g4-iru-i3-13eme-gen-16go-512g-ssd-noir.html,https://mk-media.mytek.tn/media/catalog/product/cache/4635b69058c0dccf0c8109f6ac6742cc/p/c/pc-portable-lenovo-v15-g4-iru-i3-13eme-gen-16go-512g-ssd-noir-mt.jpg,"Écran 15.6"" Full HD - Processeur: Intel Core i3-1315U (Up to 4.5 GHz Turbo max, 10Mo de mémoire cache, Hexa-Core) - Système d'exploitation: Windows 11 Pro - Mémoire RAM: 16 Go DDR4-3200 - Disque Dur: 512Go SSD - Carte Gr...",True,mytek,Tunisia,2025-12-28T22:44:48.763598,,,16.0,16Go,
67154,Pc Portable DELL Vostro 3530 i3 13ème Gén 16G 512G SSD - Noir,,TND,,0.0,DELL,[VOSTRO-3530-I3-512SSD-16G],https://www.mytek.tn/pc-portable-dell-vostro-3530-i3-13eme-gen-16g-512g-ssd-noir.html,https://mk-media.mytek.tn/media/catalog/product/cache/4635b69058c0dccf0c8109f6ac6742cc/p/c/pc-portable-dell-vostro-3530-i3-13eme-gen-16g-512g-ssd-noir.jpg,"Écran 15.6"" Full HD, 120Hz - Processeur: Intel Core i3-1305U (Up to 4,50 GHz Turbo max, 10 Mo de mémoire cache, 5-Cores) - Système d'exploitation: FreeDos -  Mémoire RAM: 16 Go - Disque dur: 512Go SSD -  Carte graphique:...",True,mytek,Tunisia,2025-12-28T22:44:48.764598,,,,,
66802,PC Portable ASUS Vivobook 15 X1504VA i3 13ème Gén 12Go 512Go SSD - Bleu,,TND,,0.0,ASUS,[X1504VA-BQ2896W-12G],https://www.mytek.tn/pc-portable-asus-vivobook-15-x1504va-i3-13eme-gen-12go-512go-ssd-bleu.html,https://mk-media.mytek.tn/media/catalog/product/cache/4635b69058c0dccf0c8109f6ac6742cc/p/c/pc-portable-asus-vivobook-15-x1504va-i3-13eme-gen-12go-512go-ssd-bleu.jpg,"Écran 15.6"" Full HD - Processeur: Intel Core i3-1315U (Up to 4.50 GHz Turbo max, 10Mo Mémoire cache, Hexa-Core) - Système d'exploitation: Windows 11 Famille - Mémoire RAM: 12 Go DDR4 - Disque Dur: 512 Go SSD - Carte Grap...",True,mytek,Tunisia,2025-12-28T22:44:48.765601,,,12.0,12Go,
65233,PC Portable DELL 15 Intel Core 3 100U 16G 512Go SSD - Noir,,TND,,0.0,DELL,[DC15250-C3-16G-W11P],https://www.mytek.tn/pc-portable-dell-15-intel-core-3-100u-16g-512go-ssd-silver.html,https://mk-media.mytek.tn/media/catalog/product/cache/4635b69058c0dccf0c8109f6ac6742cc/p/c/pc-portable-dell-15-intel-core-3-100u-16g-512go-ssd-silver-a.jpg,"Écran 15.6"" Full HD IPS, 120Hz - Processeur: Intel Core 3 100U (Up to 4.7 GHz Turbo max ,10Mo de mémoire cache, Hexa-Core) - Système d'exploitation: Windows 11 Pro - Mémoire RAM: 16 Go - Disque dur: 512 Go SSD - Carte gr...",True,mytek,Tunisia,2025-12-28T22:44:48.765601,,,512.0,512Go,
67767,PC Portable CHUWI CoreBook Max i5 12è Gén 16Go 512Go SSD - Gris,,TND,,0.0,CHUWI,[COREBOOK-MAX-I5],https://www.mytek.tn/pc-portable-chuwi-corebook-max-i5-12e-gen-16go-512go-ssd-gris.html,https://mk-media.mytek.tn/media/catalog/product/cache/4635b69058c0dccf0c8109f6ac6742cc/p/c/pc-portable-chuwi-corebook-max-i5-12e-gen-16go-512go-ssd-gris.jpg,"Écran 15.6"" Full HD - Processeur: Intel Core i5-1235U (Up to 4.40 GHz Turbo max, 12 Mo de mémoire cache, 10-Cores) - Système d'exploitation: Windows 11 Famille - Mémoire: 16 Go DDR4 - Disque dur: 512 Go SSD - Carte graph...",True,mytek,Tunisia,2025-12-28T22:44:48.766599,,,16.0,16Go,
66804,PC Portable ASUS Vivobook 15 X1504VA i3 13ème Gén 12G 512G SSD - Silver,,TND,,0.0,ASUS,[X1504VA-BQ2895W-12G],https://www.mytek.tn/pc-portable-asus-vivobook-15-x1504va-i3-13eme-gen-12g-512g-ssd-silver.html,https://mk-media.mytek.tn/media/catalog/product/cache/4635b69058c0dccf0c8109f6ac6742cc/p/c/pc-portable-asus-vivobook-15-x1504va-i3-13eme-gen-12g-512g-ssd-silver.png,"Écran 15.6"" Full HD - Processeur: Intel Core i3-1315U (Up to 4,50 GHz Turbo max, 10Mo Mémoire cache, Hexa-Core) - Système d'exploitation: Windows 11 Famille - Mémoire RAM: 12 Go DDR4 - Disque Dur: 512 Go SSD - Carte Grap...",True,mytek,Tunisia,2025-12-28T22:44:48.767606,,,,,
67185,Pc Portable DELL Vostro 3530 i3 13ème Gén 16G 512Go SSD - Noir,,TND,,0.0,DELL,[BU-VOSTRO-3530-I3-512SSD-16G-W11],https://www.mytek.tn/pc-portable-dell-vostro-3530-i3-13eme-gen-16g-512go-ssd-noir.html,https://mk-media.mytek.tn/media/catalog/product/cache/4635b69058c0dccf0c8109f6ac6742cc/p/c/pc-portable-dell-vostro-3530-i3-13eme-gen-16g-512g-ssd-noir_2.jpg,"Écran 15.6"" Full HD, 120Hz - Processeur: Intel Core i3-1305U (Up to 4,50 GHz Turbo max, 10 Mo de mémoire cache, 5-Cores) - Système d'exploitation: Windows 11 Pro - Disque dur: 512Go SSD - Mémoire RAM: 16 Go - Carte graph...",True,mytek,Tunisia,2025-12-28T22:44:48.767606,,,512.0,512Go,
67939,PC Portable LENOVO V15 G5 IRL i3 13è Gén 8Go 512Go SSD - Noir,,TND,,0.0,LENOVO,[83GW007CFE],https://www.mytek.tn/pc-portable-lenovo-v15-g5-irl-i3-13e-gen-8go-512go-ssd-noir.html,https://mk-media.mytek.tn/media/catalog/product/cache/4635b69058c0dccf0c8109f6ac6742cc/p/c/pc-portable-lenovo-v15-g5-irl-i3-13e-gen-8go-512go-ssd-noir.jpg,"Écran 15.6"" Full HD - Processeur: Intel Core i3-1315U (Up to 4.50 GHz Turbo max, 10 Mo de mémoire cache, Hexa-Core) - Système d'exploitation: FreeDos - Mémoire RAM: 8 Go DDR5 - Disque Dur: 512 Go SSD - Carte Graphique: I...",True,mytek,Tunisia,2025-12-28T22:44:48.768598,,,8.0,8Go,
66660,Pc Portable MSI Modern 15 F13MG i3 13ème Gén 16Go 512Go SSD,,TND,,0.0,MSI,[9S7-15S121-406-16G],https://www.mytek.tn/pc-portable-msi-modern-15-f13mg-i3-13eme-gen-16go-512go-ssd.html,https://mk-media.mytek.tn/media/catalog/product/cache/4635b69058c0dccf0c8109f6ac6742cc/p/c/pc-portable-msi-modern-15-f13mg-i3-13eme-gen-16go-512go-ssd.jpg,"Écran 15.6"" FULL HD, IPS - Processeur: Intel Core i3-1315U (up to 4.5 GHz Turbo max, 10 Mo de mémoire cache, Hexa-Core) - Système d'exploitation: FreeDos - Mémoire RAM: 16 Go - Disque dur: 512 Go SSD - Carte graphique: I...",True,mytek,Tunisia,2025-12-28T22:44:48.769601,,,16.0,16Go,
67814,PC Portable HP 15-fd0438nk i3 13è Gén 16Go 512Go SSD - Noir,,TND,,0.0,HP,[C2BV7EA-16G],https://www.mytek.tn/pc-portable-hp-15-fd0438nk-i3-13e-gen-16go-512go-ssd-noir.html,https://mk-media.mytek.tn/media/catalog/product/cache/4635b69058c0dccf0c8109f6ac6742cc/p/c/pc-portable-hp-15-fd0438nk-i3-13e-gen-16go-512go-ssd-noir-1_1.jpg,"Écran 15.6"" Full HD - Processeur: Intel Core i3-1315U (Up to 4.50 GHz Turbo max, 10 Mo de mémoire cache, Hexa-Core) - Système d'exploitation: FreeDos - Mémoire RAM: 16 Go DDR4 - Disque Dur: 512Go SSD - Carte Graphique: I...",True,mytek,Tunisia,2025-12-28T22:44:48.770601,,,16.0,16Go,
65732,PC Portable ASUS Vivobook 15 X1504VA i3 13ème Gén 16Go 512Go SSD - Bleu,,TND,,0.0,ASUS,[X1504VA-BQ2896W-16G],https://www.mytek.tn/pc-portable-asus-vivobook-15-x1504va-i3-13eme-gen-16go-512go-ssd-bleu.html,https://mk-media.mytek.tn/media/catalog/product/cache/4635b69058c0dccf0c8109f6ac6742cc/p/c/pc-portable-asus-vivobook-15-x1504va-i3-13eme-gen-16go-512go-ssd-bleu-a.jpg,"Écran 15.6"" Full HD - Processeur: Intel Core i3-1315U (Up to 4.50 GHz Turbo max, 10Mo Mémoire cache, Hexa-Core) - Système d'exploitation: Windows 11 Famille - Mémoire RAM: 16 Go DDR4 - Disque Dur: 512 Go SSD - Carte Grap...",False,mytek,Tunisia,2025-12-28T22:44:48.770601,,,16.0,16Go,
67173,Pc Portable DELL Vostro 3530 i3 13ème Gén 24G 512G SSD - Noir,,TND,,0.0,DELL,[VOSTRO-3530-I3-512SSD-24G],https://www.mytek.tn/pc-portable-dell-vostro-3530-i3-13eme-gen-24g-512g-ssd-noir.html,https://mk-media.mytek.tn/media/catalog/product/cache/4635b69058c0dccf0c8109f6ac6742cc/p/c/pc-portable-dell-vostro-3530-i3-13eme-gen-16g-512g-ssd-noir_1.jpg,"Écran 15.6"" Full HD, 120Hz - Processeur: Intel Core i3-1305U (Up to 4,50 GHz Turbo max, 10 Mo de mémoire cache, 5-Cores) - Système d'exploitation: FreeDos - Mémoire RAM: 24Go - Disque dur: 512Go SSD - Carte graphique: In...",True,mytek,Tunisia,2025-12-28T22:45:08.071652,,,,,
65203,PC Portable DELL 15 Intel Core 3 100U 24Go 512Go SSD - Noir,,TND,,0.0,DELL,[DC15250-C3-24G],https://www.mytek.tn/pc-portable-dell-15-intel-core-3-100u-24go-512go-ssd-silver.html,https://mk-media.mytek.tn/media/catalog/product/cache/4635b69058c0dccf0c8109f6ac6742cc/p/c/pc-portable-dell-15-intel-core-3-100u-24go-512go-ssd-silver-y.jpg,"Écran 15.6"" Full HD IPS, 120Hz - Processeur: Intel Core 3 100U (Up to 4.7 GHz Turbo max ,10Mo de mémoire cache, Hexa-Core) - Système d'exploitation: FreeDos - Mémoire RAM: 24 Go - Disque dur: 512 Go SSD - Carte graphique...",True,mytek,Tunisia,2025-12-28T22:45:08.073682,,,24.0,24Go,
68003,PC Portable LENOVO V15 G5 IRL i3 13è Gén 8G 512Go SSD - Noir,,TND,,0.0,LENOVO,[83GW007CFE-W11P],https://www.mytek.tn/pc-portable-lenovo-v15-g5-irl-i3-13e-gen-8g-512go-ssd-noir.html,https://mk-media.mytek.tn/media/catalog/product/cache/4635b69058c0dccf0c8109f6ac6742cc/p/c/pc-portable-lenovo-v15-g5-irl-i3-13e-gen-8g-512go-ssd-noir.jpg,"Écran 15.6"" Full HD - Processeur: Intel Core i3-1315U (Up to 4.50 GHz Turbo max, 10 Mo de mémoire cache, Hexa-Core) - Système d'exploitation: Windows 11 Pro - Mémoire RAM: 8 Go DDR5 - Disque Dur: 512 Go SSD - Carte Graph...",True,mytek,Tunisia,2025-12-28T22:45:08.074653,,,512.0,512Go,
65729,PC Portable ASUS Vivobook 15 X1504VA i3 13ème Gén 16G 512G SSD - Silver,,TND,,0.0,ASUS,[X1504VA-BQ2895W-16G],https://www.mytek.tn/pc-portable-asus-vivobook-15-x1504va-i3-13eme-gen-16g-512g-ssd-silver.html,https://mk-media.mytek.tn/media/catalog/product/cache/4635b69058c0dccf0c8109f6ac6742cc/p/c/pc-portable-asus-vivobook-15-x1504va-i3-13eme-gen-16g-512g-ssd-silver.png,"Écran 15.6"" Full HD - Processeur: Intel Core i3-1315U (Up to 4,50 GHz Turbo max, 10Mo Mémoire cache, Hexa-Core) - Système d'exploitation: Windows 11 Famille - Mémoire RAM: 16 Go DDR4 - Disque Dur: 512 Go SSD - Carte Grap...",True,mytek,Tunisia,2025-12-28T22:45:08.075654,,,,,
68078,PC Portable DELL Pro 15 Essential Intel Core 3 100U 8Go 512Go SSD - Noir,,TND,,0.0,DELL,[PV15250-CORE3],https://www.mytek.tn/pc-portable-dell-pro-15-essential-intel-core-3-100u-8go-512go-ssd-noir.html,https://mk-media.mytek.tn/media/catalog/product/cache/4635b69058c0dccf0c8109f6ac6742cc/p/c/pc-portable-dell-pro-15-essential-intel-core-3-100u-8go-512go-ssd-noir.jpg,"Écran 15.6"" Full HD IPS, 120Hz - Processeur: Intel Core 3 100U (Up to 4.7 GHz Turbo max ,10Mo de mémoire cache, Hexa-Core) - Système d'exploitation: FreeDos - Mémoire RAM: 8 Go DDR5 - Disque dur: 512 Go SSD - Carte graph...",True,mytek,Tunisia,2025-12-28T22:45:08.076681,,,8.0,8Go,
53235,Pc Portable DELL Vostro 3520 i5 12ème Gén 12Go 512Go SSD - Noir,,TND,,0.0,DELL,[V3520-I5-512SSD-12G],https://www.mytek.tn/pc-portable-dell-vostro-3520-i5-12eme-gen-12go-512go-ssd-noir.html,https://mk-media.mytek.tn/media/catalog/product/cache/4635b69058c0dccf0c8109f6ac6742cc/p/c/pc-portable-dell-vostro-3520-i5-12eme-gen-12go-512go-ssd-noir-a.jpg,"Écran 15.6"" Full HD, 120 Hz - Processeur: Intel Core i5-1235U (Up to 4.40 GHz Turbo max, 12 Mo de mémoire cache, 10-Cores) - Système d'exploitation: FreeDos - Mémoire RAM: 12 Go DDR4 - Disque dur: 512 Go SSD - Carte grap...",True,mytek,Tunisia,2025-12-28T22:45:08.077678,,,12.0,12Go,
67762,PC Portable CHUWI CoreBook X i5 12è Gén 16Go 512Go SSD - Gris,,TND,,0.0,CHUWI,[COREBOOK-X-I5],https://www.mytek.tn/pc-portable-chuwi-corebook-x-i5-12e-gen-16go-512go-ssd-gris.html,https://mk-media.mytek.tn/media/catalog/product/cache/4635b69058c0dccf0c8109f6ac6742cc/p/c/pc-portable-chuwi-corebook-x-i5-12e-gen-16go-512go-ssd-gris-1.jpg,"Écran 14"" 2k, IPS - Processeur: Intel Core i5-12450H (Up to 4.40 GHz Turbo max, 12 Mo de mémoire cache, Octa-Core) - Système d'exploitation: Windows 11 Famille - Mémoire: 16 Go - Disque dur: 512 Go SSD - Carte graphique:...",True,mytek,Tunisia,2025-12-28T22:45:08.077678,,,16.0,16Go,
65103,PC Portable DELL 15 i5 13è Gén 8Go 512Go SSD - Noir,,TND,,0.0,DELL,[DC15250-I5],https://www.mytek.tn/pc-portable-dell-15-i5-13e-gen-8go-512go-ssd-noir.html,https://mk-media.mytek.tn/media/catalog/product/cache/4635b69058c0dccf0c8109f6ac6742cc/p/c/pc-portable-dell-15-i5-13e-gen-8go-512go-ssd-noir.jpg,"Écran 15.6"" Full HD IPS, 120Hz - Processeur: Intel Core i5-1334U (Up to 4.60 GHz Turbo max ,12Mo de mémoire cache, 10-Cores) - Système d'exploitation: FreeDos - Mémoire RAM: 8 Go - Disque dur: 512 Go SSD - Carte graphiqu...",True,mytek,Tunisia,2025-12-28T22:45:08.078684,,,8.0,8Go,
67188,Pc Portable DELL Vostro 3530 i3 13ème Gén 24G 512Go SSD - Noir,,TND,,0.0,DELL,[BU-VOSTRO-3530-I3-512SSD-24G-W11],https://www.mytek.tn/pc-portable-dell-vostro-3530-i3-13eme-gen-24g-512go-ssd-noir.html,https://mk-media.mytek.tn/media/catalog/product/cache/4635b69058c0dccf0c8109f6ac6742cc/p/c/pc-portable-dell-vostro-3530-i3-13eme-gen-16g-512g-ssd-noir_3.jpg,"Écran 15.6"" Full HD, 120Hz - Processeur: Intel Core i3-1305U (Up to 4,50 GHz Turbo max, 10 Mo de mémoire cache, 5-Cores) - Système d'exploitation: Windows 11 Pro - Mémoire RAM: 24 Go - Disque dur: 512Go SSD - Carte graph...",True,mytek,Tunisia,2025-12-28T22:45:08.079652,,,512.0,512Go,
66132,PC Portable LENOVO IdeaPad Slim 3 15AMN8 AMD RYZEN 5 16Go 512Go SSD - Gris,,TND,,0.0,LENOVO,[82XQ00M7FG],https://www.mytek.tn/pc-portable-lenovo-ideapad-slim-3-15amn8-amd-ryzen-5-16go-512go-ssd-gris.html,https://mk-media.mytek.tn/media/catalog/product/cache/4635b69058c0dccf0c8109f6ac6742cc/p/c/pc-portable-lenovo-ideapad-slim-3-15amn8-amd-ryzen-5-16go-512go-ssd-gris-a.jpg,"Écran 15.6"" Full HD - Processeur: AMD Ryzen™ 5 7520U (2.8 GHz up to 4.3 GHz Turbo max, 4 Mo de mémoire cache, Quad-Core) - Système d'exploitation: FreeDos - Mémoire RAM: 16 Go - Disque Dur: 512 Go SSD - Carte Graphique: ...",True,mytek,Tunisia,2025-12-28T22:45:08.080650,AMD RYZEN 5 16Go,,16.0,16Go,
65239,PC Portable DELL 15 Intel Core 3 100U 24G 512Go SSD - Noir,,TND,,0.0,DELL,[DC15250-C3-24G-W11P],https://www.mytek.tn/pc-portable-dell-15-intel-core-3-100u-24g-512go-ssd-silver.html,https://mk-media.mytek.tn/media/catalog/product/cache/4635b69058c0dccf0c8109f6ac6742cc/p/c/pc-portable-dell-15-intel-core-3-100u-24g-512go-ssd-silver-a.jpg,"Écran 15.6"" Full HD IPS, 120Hz - Processeur: Intel Core 3 100U (Up to 4.7 GHz Turbo max ,10Mo de mémoire cache, Hexa-Core) - Système d'exploitation: Windows 11 Pro - Mémoire RAM: 24 Go - Disque dur: 512 Go SSD - Carte gr...",True,mytek,Tunisia,2025-12-28T22:45:08.081678,,,512.0,512Go,
67817,PC Portable HP 15-fd0438nk i3 13è Gén 24Go 512Go SSD - Noir,,TND,,0.0,HP,[C2BV7EA-24G],https://www.mytek.tn/pc-portable-hp-15-fd0438nk-i3-13e-gen-24go-512go-ssd-noir.html,https://mk-media.mytek.tn/media/catalog/product/cache/4635b69058c0dccf0c8109f6ac6742cc/p/c/pc-portable-hp-15-fd0438nk-i3-13e-gen-24go-512go-ssd-noir-1.jpg,"Écran 15.6"" Full HD - Processeur: Intel Core i3-1315U (Up to 4.50 GHz Turbo max, 10 Mo de mémoire cache, Hexa-Core) - Système d'exploitation: FreeDos - Mémoire RAM: 24 Go DDR4 - Disque Dur: 512Go SSD - Carte Graphique: I...",True,mytek,Tunisia,2025-12-28T22:45:08.082679,,,24.0,24Go,
63982,PC Portable ASUS Vivobook 15 M1502YA AMD RYZEN7 8Go 512G SSD - Silver,,TND,,0.0,ASUS,[M1502YA-BQ652W],https://www.mytek.tn/pc-portable-asus-vivobook-15-m1502ya-amd-ryzen7-8go-512g-ssd-silver.html,https://mk-media.mytek.tn/media/catalog/product/cache/4635b69058c0dccf0c8109f6ac6742cc/p/c/pc-portable-asus-vivobook-15-m1502ya-amd-ryzen7-8go-512g-ssd-silver.jpg,"Écran 15.6"" Full HD - Processeur: AMD Ryzen™ 7 5825U (2 GHz up to 4.5 GHz Turbo max, 16 Mo de mémoire cache, Octa-Core) - Système d'exploitation: Windows 11 Famille - Mémoire RAM: 8 Go DDR4 - Disque Dur: 512 Go SSD - Car...",True,mytek,Tunisia,2025-12-28T22:45:08.084685,,,8.0,8Go,
65739,PC Portable ASUS Vivobook 15 X1504VA i3 13ème Gén 24Go 512Go SSD - Bleu,,TND,,0.0,ASUS,[X1504VA-BQ2896W-24G],https://www.mytek.tn/pc-portable-asus-vivobook-15-x1504va-i3-13eme-gen-24go-512go-ssd-bleu.html,https://mk-media.mytek.tn/media/catalog/product/cache/4635b69058c0dccf0c8109f6ac6742cc/p/c/pc-portable-asus-vivobook-15-x1504va-i3-13eme-gen-24go-512go-ssd-bleu.jpg,"Écran 15.6"" Full HD - Processeur: Intel Core i3-1315U (Up to 4.50 GHz Turbo max, 10Mo Mémoire cache, Hexa-Core) - Système d'exploitation: Windows 11 Famille - Mémoire RAM: 24 Go DDR4 - Disque Dur: 512 Go SSD - Carte Grap...",False,mytek,Tunisia,2025-12-28T22:45:08.085650,,,24.0,24Go,
66364,PC Portable DELL 15 i5 13è Gén 12Go 512Go SSD - Noir,,TND,,0.0,DELL,[DC15250-I5-12G],https://www.mytek.tn/pc-portable-dell-15-i5-13e-gen-12go-512go-ssd-noir.html,https://mk-media.mytek.tn/media/catalog/product/cache/4635b69058c0dccf0c8109f6ac6742cc/p/c/pc-portable-dell-15-i5-13e-gen-12go-512go-ssd-noir.jpg,"Écran 15.6"" Full HD IPS, 120Hz - Processeur: Intel Core i5-1334U (Up to 4.60 GHz Turbo max ,12Mo de mémoire cache, 10-Cores) - Système d'exploitation: FreeDos - Mémoire RAM: 12 Go - Disque dur: 512 Go SSD - Carte graphiq...",True,mytek,Tunisia,2025-12-28T22:45:08.086651,,,12.0,12Go,
58263,Pc Portable DELL Vostro 3530 i5 13è Gén 8G 512Go SSD - Noir,,TND,,0.0,DELL,[N3409PVNB3530],https://www.mytek.tn/pc-portable-dell-vostro-3530-i5-13e-gen-8g-512go-ssd-noir.html,https://mk-media.mytek.tn/media/catalog/product/cache/4635b69058c0dccf0c8109f6ac6742cc/p/c/pc-portable-dell-vostro-3530-i5-13e-gen-8g-512go-ssd-noir-2_1_1.jpg,"Écran 15.6"" Full HD, 120Hz - Processeur: Intel Core i5-1334U (Up to 4.60 GHz Turbo max, 12 Mo de mémoire cache, 10-Cores) - Système d'exploitation: FreeDos - Mémoire RAM: 8 Go - Disque dur: 512 Go SSD - Carte graphique: ...",True,mytek,Tunisia,2025-12-28T22:45:08.087682,,,512.0,512Go,
66038,PC Portable DELL 16 Intel Core 5 120U 8Go 512Go SSD - Noir,,TND,,0.0,DELL,[DC16250-C5],https://www.mytek.tn/pc-portable-dell-16-intel-core-5-120u-8go-512go-ssd-noir.html,https://mk-media.mytek.tn/media/catalog/product/cache/4635b69058c0dccf0c8109f6ac6742cc/p/c/pc-portable-dell-16-intel-core-5-120u-8go-512go-ssd-noir.jpg,"Écran 16"" WUXGA IPS - Processeur: Intel Core 5 120U (Up to 5 GHz Turbo max ,12Mo de mémoire cache, 10-Cores) - Système d'exploitation: FreeDos - Mémoire RAM: 8 Go - Disque dur: 512 Go SSD - Carte graphique: Intel® Graphi...",True,mytek,Tunisia,2025-12-28T22:45:08.088678,,,8.0,8Go,
66917,PC Portable LENOVO IdeaPad Slim 3 15AMN8 AMD RYZEN 5 16G 512G SSD - Gris,,TND,,0.0,LENOVO,[82XQ00M7FG-W11P],https://www.mytek.tn/pc-portable-lenovo-ideapad-slim-3-15amn8-amd-ryzen-5-16g-512g-ssd-gris.html,https://mk-media.mytek.tn/media/catalog/product/cache/4635b69058c0dccf0c8109f6ac6742cc/p/c/pc-portable-lenovo-ideapad-slim-3-15amn8-amd-ryzen-5-16g-512g-ssd-gris.jpg,"Écran 15.6"" Full HD - Processeur: AMD Ryzen™ 5 7520U (2.8 GHz up to 4.3 GHz Turbo max, 4 Mo de mémoire cache, Quad-Core) - Système d'exploitation: Windows 11 Pro - Mémoire RAM: 16 Go - Disque Dur: 512 Go SSD - Carte Grap...",True,mytek,Tunisia,2025-12-28T22:45:08.089677,AMD RYZEN 5 16G,,,,
61084,PC Portable LENOVO IdeaPad Slim 3 15IRH10 i5 13è Gén 8Go 512Go SSD - Gris,,TND,,0.0,LENOVO,[83K100EEFG],https://www.mytek.tn/pc-portable-lenovo-ideapad-slim-3-15irh10-i5-13e-gen-8go-512go-ssd-gris.html,https://mk-media.mytek.tn/media/catalog/product/cache/4635b69058c0dccf0c8109f6ac6742cc/p/c/pc-portable-lenovo-ideapad-slim-3-15irh10-i5-13e-gen-8go-512go-ssd-gris-mt.jpg,"Écran 15.3"" WUXGA, IPS - Processeur: Intel Core i5-13420H (Up to 4.60 GHz Turbo max, 12 Mo de mémoire cache, Octa-Core) - Système d'exploitation: Windows 11 Famille - Mémoire RAM: 8 Go DDR5 - Disque Dur: 512 Go SSD - Car...",False,mytek,Tunisia,2025-12-28T22:45:08.090652,,,8.0,8Go,
65734,PC Portable ASUS Vivobook 15 X1504VA i3 13ème Gén 24G 512G SSD - Silver,,TND,,0.0,ASUS,[X1504VA-BQ2895W-24G],https://www.mytek.tn/pc-portable-asus-vivobook-15-x1504va-i3-13eme-gen-24g-512g-ssd-silver.html,https://mk-media.mytek.tn/media/catalog/product/cache/4635b69058c0dccf0c8109f6ac6742cc/p/c/pc-portable-asus-vivobook-15-x1504va-i3-13eme-gen-24g-512g-ssd-silver.png,"Écran 15.6"" Full HD - Processeur: Intel Core i3-1315U (Up to 4,50 GHz Turbo max, 10Mo Mémoire cache, Hexa-Core) - Système d'exploitation: Windows 11 Famille - Mémoire RAM: 24 Go DDR4 - Disque Dur: 512 Go SSD - Carte Grap...",True,mytek,Tunisia,2025-12-28T22:45:08.091677,,,,,
65599,PC Portable DELL 15 i5 13è Gén 16Go 512Go SSD - Noir,,TND,,0.0,DELL,[DC15250-I5-16G],https://www.mytek.tn/pc-portable-dell-15-i5-13e-gen-16go-512go-ssd-noir.html,https://mk-media.mytek.tn/media/catalog/product/cache/4635b69058c0dccf0c8109f6ac6742cc/p/c/pc-portable-dell-15-i5-13e-gen-16go-512go-ssd-noir-1.jpg,"Écran 15.6"" Full HD IPS, 120Hz - Processeur: Intel Core i5-1334U (Up to 4.60 GHz Turbo max ,12Mo de mémoire cache, 10-Cores) - Système d'exploitation: FreeDos - Mémoire RAM: 16 Go - Disque dur: 512 Go SSD - Carte graphiq...",True,mytek,Tunisia,2025-12-28T22:45:08.091677,,,16.0,16Go,
66882,Pc Portable DELL Vostro 3530 i3 13ème Gén 32Go 512Go SSD - Noir,,TND,,0.0,DELL,[VOSTRO-3530-I3-512SSD-32G],https://www.mytek.tn/pc-portable-dell-vostro-3530-i3-13eme-gen-32go-512go-ssd-noir.html,https://mk-media.mytek.tn/media/catalog/product/cache/4635b69058c0dccf0c8109f6ac6742cc/p/c/pc-portable-dell-vostro-3530-i3-13eme-gen-32go-512go-ssd-noir.jpg,"Écran 15.6"" Full HD, 120Hz - Processeur: Intel Core i3-1305U (Up to 4,50 GHz Turbo max, 10 Mo de mémoire cache, 5-Cores) - Système d'exploitation: FreeDos - Mémoire RAM: 32 Go - Disque dur: 512Go SSD - Carte graphique: I...",True,mytek,Tunisia,2025-12-28T22:45:08.092678,,,32.0,32Go,
58460,Pc Portable DELL Vostro 3530 i5 13è Gén 8G 512G SSD - Noir,,TND,,0.0,DELL,[N3409PVNB3530-W11P],https://www.mytek.tn/pc-portable-dell-vostro-3530-i5-13e-gen-8g-512g-ssd-noir.html,https://mk-media.mytek.tn/media/catalog/product/cache/4635b69058c0dccf0c8109f6ac6742cc/p/c/pc-portable-dell-vostro-3530-i5-13e-gen-8g-512g-ssd-noir-1.jpg,"Écran 15.6"" Full HD, 120Hz - Processeur: Intel Core i5-1334U (Up to 4.60 GHz Turbo max, 12 Mo de mémoire cache, 10-Cores) - Système d'exploitation: Windows 11 Pro - Mémoire RAM: 8 Go - Disque dur: 512 Go SSD - Carte grap...",True,mytek,Tunisia,2025-12-28T22:45:08.093655,,,,,
61201,PC Portable LENOVO IdeaPad Slim 3 15IRH10 i5 13è Gén 16G 512Go SSD - Gris,,TND,,0.0,LENOVO,[83K100EEFG-16G],https://www.mytek.tn/pc-portable-lenovo-ideapad-slim-3-15irh10-i5-13e-gen-16g-512go-ssd-gris.html,https://mk-media.mytek.tn/media/catalog/product/cache/4635b69058c0dccf0c8109f6ac6742cc/p/c/pc-portable-lenovo-ideapad-slim-3-15irh10-i5-13e-gen-16g-512go-ssd-gris-mt.jpg,"Écran 15.3"" WUXGA, IPS - Processeur: Intel Core i5-13420H (Up to 4.60 GHz Turbo max, 12 Mo de mémoire cache, Octa-Core) - Système d'exploitation: Windows 11 Famille - Mémoire RAM: 16 Go DDR5 - Disque Dur: 512 Go SSD - Ca...",True,mytek,Tunisia,2025-12-28T22:45:08.094650,,,512.0,512Go,
63260,Pc Portable DELL Vostro 3530 i5 13è Gén 12G 512Go SSD - Noir,,TND,,0.0,DELL,[N3409PVNB3530-12G],https://www.mytek.tn/pc-portable-dell-vostro-3530-i5-13e-gen-12g-512go-ssd-noir.html,https://mk-media.mytek.tn/media/catalog/product/cache/4635b69058c0dccf0c8109f6ac6742cc/p/c/pc-portable-dell-vostro-3530-i5-13e-gen-12g-512go-ssd-noir-mt.jpg,"Écran 15.6"" Full HD, 120Hz - Processeur: Intel Core i5-1334U (Up to 4.60 GHz Turbo max, 12 Mo de mémoire cache, 10-Cores) - Système d'exploitation: FreeDos - Mémoire RAM: 12 Go - Disque dur: 512 Go SSD - Carte graphique:...",True,mytek,Tunisia,2025-12-28T22:45:08.096655,,,512.0,512Go,
63910,Pc Portable MSI Modern 15 F13MG i3 13ème Gén 32Go 512Go SSD,,TND,,0.0,MSI,[9S7-15S121-406-32G],https://www.mytek.tn/pc-portable-msi-modern-15-f13mg-i3-13eme-gen-32go-512go-ssd.html,https://mk-media.mytek.tn/media/catalog/product/cache/4635b69058c0dccf0c8109f6ac6742cc/p/c/pc-portable-msi-modern-15-f13mg-i3-13eme-gen-32go-512go-ssd.jpg,"Écran 15.6"" FULL HD, IPS - Processeur: Intel Core i3-1315U (up to 4.5 GHz Turbo max, 10 Mo de mémoire cache, Hexa-Core) - Système d'exploitation: FreeDos - Mémoire RAM: 32 Go - Disque dur: 512 Go SSD - Carte graphique: I...",True,mytek,Tunisia,2025-12-28T22:45:08.097655,,,32.0,32Go,
68206,PC Portable DELL Pro 15 Essential Intel Core 3 100U 16Go 512Go SSD - Noir,,TND,,0.0,DELL,[PV15250-CORE3-16G],https://www.mytek.tn/pc-portable-dell-pro-15-essential-intel-core-3-100u-16go-512go-ssd-noir.html,https://mk-media.mytek.tn/media/catalog/product/cache/4635b69058c0dccf0c8109f6ac6742cc/p/c/pc-portable-dell-pro-15-essential-intel-core-3-100u-16go-512go-ssd-noir.jpg,"Écran 15.6"" Full HD IPS, 120Hz - Processeur: Intel Core 3 100U (Up to 4.7 GHz Turbo max ,10Mo de mémoire cache, Hexa-Core) - Système d'exploitation: FreeDos - Mémoire RAM: 16 Go DDR5 - Disque dur: 512 Go SSD - Carte grap...",True,mytek,Tunisia,2025-12-28T22:45:08.098654,,,16.0,16Go,
59430,Pc Portable MSI Modern 15 F13MG i5 13ème Gén 8Go 512Go SSD,,TND,,0.0,MSI,[9S7-15S121-404],https://www.mytek.tn/pc-portable-msi-modern-15-f13mg-i5-13eme-gen-8go-512go-ssd.html,https://mk-media.mytek.tn/media/catalog/product/cache/4635b69058c0dccf0c8109f6ac6742cc/p/c/pc-portable-msi-modern-15-f13mg-i5-13eme-gen-8go-512go-ssd-mt.jpg,"Écran 15.6"" FULL HD, IPS - Processeur: Intel Core i5-1334U (up to 4.60 GHz Turbo max, 12 Mo de mémoire cache, 10-Cores) - Système d'exploitation: FreeDos - Mémoire RAM: 8 Go - Disque dur: 512 Go SSD - Carte graphique: In...",True,mytek,Tunisia,2025-12-28T22:45:08.101655,,,8.0,8Go,
63912,PC Portable ASUS Vivobook 15 X1502VA i5 13è Gén 8Go 512Go SSD - Silver,,TND,,0.0,ASUS,[X1502VA-BQ905W],https://www.mytek.tn/pc-portable-asus-vivobook-15-x1502va-i5-13e-gen-8go-512go-ssd-silver.html,https://mk-media.mytek.tn/media/catalog/product/cache/4635b69058c0dccf0c8109f6ac6742cc/p/c/pc-portable-asus-vivobook-15-x1502va-i5-13e-gen-8go-512go-ssd-silver.jpg,"Écran 15.6"" FULL HD - Processeur: Intel Core i5-13420H (Up to 4.60 GHz Turbo max, 12Mo Mémoire cache, Octa-Core)  - Système d'exploitation: Windows 11 Famille - Mémoire RAM: 8 Go - Disque Dur: 512 Go SSD - Carte Graphiqu...",True,mytek,Tunisia,2025-12-28T22:45:08.103658,,,8.0,8Go,
63915,PC Portable ASUS Vivobook 15 X1502VA i5 13è Gén 8G 512G SSD - Bleu,,TND,,0.0,ASUS,[X1502VA-BQ903W],https://www.mytek.tn/pc-portable-asus-vivobook-15-x1502va-i5-13e-gen-8g-512g-ssd-bleu.html,https://mk-media.mytek.tn/media/catalog/product/cache/4635b69058c0dccf0c8109f6ac6742cc/p/c/pc-portable-asus-vivobook-15-x1502va-i5-13e-gen-8g-512g-ssd-bleu.jpg,"Écran 15.6"" FULL HD - Processeur: Intel Core i5-13420H (Up to 4.60 GHz Turbo max, 12Mo Mémoire cache, Octa-Core)  - Système d'exploitation: Windows 11 Famille - Mémoire RAM: 8Go - Disque Dur: 512 Go SSD - Carte Graphique...",True,mytek,Tunisia,2025-12-28T22:45:08.105656,,,,,
64994,PC Portable BMAX MaxBook X17 Pro AMD Ryzen 7 32Go 1To SSD,,TND,,0.0,BMAX,[BMAX-X17PRO],https://www.mytek.tn/pc-portable-bmax-maxbook-x17-pro-amd-ryzen-7-32go-1to-ssd.html,https://mk-media.mytek.tn/media/catalog/product/cache/4635b69058c0dccf0c8109f6ac6742cc/p/c/pc-portable-bmax-maxbook-x17-pro-amd-ryzen-7-32go-1to-ssd.jpg,"Écran 15.6"" Full HD, IPS - Processeur: AMD Ryzen 7 7730U (2 GHz up to 4.5 GHz Turbo max, 16Mo de mémoire cache, Octa-Core) - Système d'exploitation: Windows 11 Pro - Mémoire RAM: 32 Go DDR4 - Disque Dur: 1 To SSD - Carte...",True,mytek,Tunisia,2025-12-28T22:45:08.107663,AMD Ryzen 7 32Go,,32.0,32Go,
67831,PC Portable ASUS Vivobook 15 M1502YA AMD RYZEN7 16Go 512G SSD - Silver,,TND,,0.0,ASUS,[M1502YA-BQ652W-16G],https://www.mytek.tn/pc-portable-asus-vivobook-15-m1502ya-amd-ryzen7-16go-512g-ssd-silver.html,https://mk-media.mytek.tn/media/catalog/product/cache/4635b69058c0dccf0c8109f6ac6742cc/p/c/pc-portable-asus-vivobook-15-m1502ya-amd-ryzen7-16go-512g-ssd-silver-a_1.jpg,"Écran 15.6"" Full HD - Processeur: AMD Ryzen™ 7 5825U (2 GHz up to 4.5 GHz Turbo max, 16 Mo de mémoire cache, Octa-Core) - Système d'exploitation: Windows 11 Famille - Mémoire RAM: 16 Go DDR4 - Disque Dur: 512 Go SSD - Ca...",False,mytek,Tunisia,2025-12-28T22:45:08.109683,,,16.0,16Go,
58658,PC Portable ASUS Vivobook 15 M1502YA AMD RYZEN 7 8Go 512Go SSD - Bleu,,TND,,0.0,ASUS,[M1502YA-NJ218W],https://www.mytek.tn/pc-portable-asus-vivobook-15-m1502ya-amd-ryzen-7-8go-512go-ssd-bleu.html,https://mk-media.mytek.tn/media/catalog/product/cache/4635b69058c0dccf0c8109f6ac6742cc/p/c/pc-portable-asus-vivobook-15-m1502ya-amd-ryzen-7-8go-512go-ssd-bleu-sp.jpg,"Écran 15.6"" Full HD - Processeur: AMD Ryzen™ 7 7730U (2 GHz up to 4.5 GHz Turbo max, 16 Mo de mémoire cache, Octa-Core) - Système d'exploitation: Windows 11 Famille - Mémoire RAM: 8 Go DDR4 - Disque Dur: 512 Go SSD - Car...",True,mytek,Tunisia,2025-12-28T22:45:08.110651,AMD RYZEN 7 8Go,,8.0,8Go,
66890,PC Portable LENOVO IdeaPad Slim 3 15IRH10 i5 8Go 512Go SSD Gris,,TND,,0.0,LENOVO,[BU-83K100E6FG],https://www.mytek.tn/pc-portable-lenovo-ideapad-slim-3-15irh10-i5-8go-512go-ssd-gris.html,https://mk-media.mytek.tn/media/catalog/product/cache/4635b69058c0dccf0c8109f6ac6742cc/p/c/pc-portable-lenovo-ideapad-slim-3-15irh10-souris-lenovo.jpg,"Écran 15.3"" WUXGA, IPS - Processeur: Intel Core i5-13420H (Up to 4.60 GHz Turbo max, 12 Mo de mémoire cache, Octa-Core) - Système d'exploitation: FreeDos - Mémoire RAM: 8Go DDR5 - Disque Dur: 512Go SSD - Carte Graphique:...",True,mytek,Tunisia,2025-12-28T22:45:08.111653,,,8.0,8Go,
67507,PC Portable LENOVO IdeaPad Slim 3 15ABR8 AMD RYZEN 7 16Go 512Go SSD - Gris,,TND,,0.0,LENOVO,[82XM00H6FG],https://www.mytek.tn/pc-portable-lenovo-ideapad-slim-3-15abr8-amd-ryzen-7-16go-512go-ssd-gris.html,https://mk-media.mytek.tn/media/catalog/product/cache/4635b69058c0dccf0c8109f6ac6742cc/p/c/pc-portable-lenovo-ideapad-slim-3-15abr8-amd-ryzen-7-16go-512go-ssd-gris-a.jpg,"Écran 15.6"" Full HD - Processeur: AMD Ryzen™ 7 7730U (2 GHz up to 4.5 GHz Turbo max, 16 Mo de mémoire cache, Octa-Core) - Système d'exploitation: FreeDos - Mémoire RAM: 16 Go DDR4-3200 - Disque Dur: 512 Go SSD - Carte Gr...",True,mytek,Tunisia,2025-12-28T22:45:08.112677,AMD RYZEN 7 16Go,,16.0,16Go,
67968,PC Portable DELL 15 i5 13è Gén 16G 512Go SSD - Noir,,TND,,0.0,DELL,[DC15250-I5-16G-W11P],https://www.mytek.tn/pc-portable-dell-15-i5-13e-gen-16g-512go-ssd-noir.html,https://mk-media.mytek.tn/media/catalog/product/cache/4635b69058c0dccf0c8109f6ac6742cc/p/c/pc-portable-dell-15-i5-13e-gen-16g-512go-ssd-noir.jpg,"Écran 15.6"" Full HD IPS, 120Hz - Processeur: Intel Core i5-1334U (Up to 4.60 GHz Turbo max ,12Mo de mémoire cache, 10-Cores) - Système d'exploitation: Windows 11 Pro - Mémoire RAM: 16 Go - Disque dur: 512 Go SSD - Carte ...",True,mytek,Tunisia,2025-12-28T22:45:08.113649,,,512.0,512Go,
67957,PC Portable LENOVO V15 G5 IRL i5 13è Gén 8Go 512Go SSD - Noir,,TND,,0.0,LENOVO,[83GW006AFE],https://www.mytek.tn/pc-portable-lenovo-v15-g5-irl-i5-13e-gen-8go-512go-ssd-noir.html,https://mk-media.mytek.tn/media/catalog/product/cache/4635b69058c0dccf0c8109f6ac6742cc/p/c/pc-portable-lenovo-v15-g5-irl-i5-13e-gen-8go-512go-ssd-noir.jpg,"Écran 15.6"" Full HD - Processeur: Intel Core i5-13420H (Up to 4.60 GHz Turbo max, 12 Mo de mémoire cache, Octa-Core) - Système d'exploitation: FreeDos - Mémoire RAM: 8 Go DDR5 - Disque Dur: 512 Go SSD - Carte Graphique: ...",True,mytek,Tunisia,2025-12-28T22:45:08.115659,,,8.0,8Go,
68085,PC Portable DELL Pro 15 Essential i5 13è Gén 8Go 512Go SSD - Noir,,TND,,0.0,DELL,[PV15250-I5],https://www.mytek.tn/pc-portable-dell-pro-15-essential-i5-13e-gen-8go-512go-ssd-noir.html,https://mk-media.mytek.tn/media/catalog/product/cache/4635b69058c0dccf0c8109f6ac6742cc/p/c/pc-portable-dell-pro-15-essential-i5-13e-gen-8go-512go-ssd-noir.jpg,"Écran 15.6"" Full HD IPS, 120Hz - Processeur: Intel Core i5-1334U (Up to 4.60 GHz Turbo max ,12Mo de mémoire cache, 10-Cores) - Système d'exploitation: FreeDos - Mémoire RAM: 8 Go DDR5 - Disque dur: 512 Go SSD - Carte gra...",True,mytek,Tunisia,2025-12-28T22:45:08.117650,,,8.0,8Go,
66862,PC Portable ASUS Vivobook 15 X1502VA i5 13è Gen 12G 512Go SSD - Silver,,TND,,0.0,ASUS,[X1502VA-BQ905W-12G],https://www.mytek.tn/pc-portable-asus-vivobook-15-x1502va-i5-13e-gen-12g-512go-ssd-silver.html,https://mk-media.mytek.tn/media/catalog/product/cache/4635b69058c0dccf0c8109f6ac6742cc/p/c/pc-portable-asus-vivobook-15-x1502va-i5-13e-gen-12go-512go-ssd-silver.jpg,"Écran 15.6"" FULL HD - Processeur: Intel Core i5-13420H (Up to 4.60 GHz Turbo max, 12Mo Mémoire cache, Octa-Core)  - Système d'exploitation: Windows 11 Famille - Mémoire RAM: 12 Go - Disque Dur: 512 Go SSD - Carte Graphiq...",True,mytek,Tunisia,2025-12-28T22:45:08.118649,,,512.0,512Go,
66864,PC Portable ASUS Vivobook 15 X1502VA i5 13è Gen 12G 512G SSD - Bleu,,TND,,0.0,ASUS,[X1502VA-BQ903W-12G],https://www.mytek.tn/pc-portable-asus-vivobook-15-x1502va-i5-13e-gen-12g-512g-ssd-bleu.html,https://mk-media.mytek.tn/media/catalog/product/cache/4635b69058c0dccf0c8109f6ac6742cc/p/c/pc-portable-asus-vivobook-15-x1502va-i5-13e-gen-12g-512g-ssd-.jpg,"Écran 15.6"" FULL HD - Processeur: Intel Core i5-13420H (Up to 4.60 GHz Turbo max, 12Mo Mémoire cache, Octa-Core)  - Système d'exploitation: Windows 11 Famille - Mémoire RAM: 12Go - Disque Dur: 512 Go SSD - Carte Graphiqu...",True,mytek,Tunisia,2025-12-28T22:45:08.119649,,,,,
67690,PC Portable ASUS Vivobook 15 X1504VA Intel Core 5 120U 8G 512Go SSD - Silver,,TND,,0.0,ASUS,[X1504VA-BQ2881W],https://www.mytek.tn/pc-portable-asus-vivobook-15-x1504va-intel-core-5-120u-8g-512go-ssd-silver.html,https://mk-media.mytek.tn/media/catalog/product/cache/4635b69058c0dccf0c8109f6ac6742cc/p/c/pc-portable-asus-vivobook-15-x1504va-intel-core-5-120u-8g-512go-ssd-silver.png,"Écran 15.6"" Full HD - Processeur: Intel Core 5 120U (Up to 5 GHz Turbo max, 12Mo Mémoire cache, 10-Cores) - Système d'exploitation: Windows 11 Famille - Mémoire RAM: 8 Go DDR4 - Disque Dur: 512 Go SSD - Carte Graphique: ...",True,mytek,Tunisia,2025-12-28T22:45:08.120649,,,512.0,512Go,
67878,PC Portable ASUS Vivobook 15 M1502YA AMD RYZEN 7 16Go 1To SSD - Silver,,TND,,0.0,ASUS,[M1502YA-BQ653W],https://www.mytek.tn/pc-portable-asus-vivobook-15-m1502ya-amd-ryzen-7-16go-1to-ssd-silver.html,https://mk-media.mytek.tn/media/catalog/product/cache/4635b69058c0dccf0c8109f6ac6742cc/p/c/pc-portable-asus-vivobook-15-m1502ya-amd-ryzen-7-16go-1to-ssd-silver.jpg,"Écran 15.6"" Full HD,IPS - Processeur: AMD Ryzen™ 7 5825U (2 GHz up to 4.5 GHz Turbo max, 16 Mo de mémoire cache, Octa-Core) - Système d'exploitation: Windows 11 Famille - Mémoire RAM: 16 Go DDR4 - Disque Dur: 1To SSD - C...",True,mytek,Tunisia,2025-12-28T22:45:08.122649,AMD RYZEN 7 16Go,,16.0,16Go,
59003,PC Portable HP 15-fd0042nk i5 13è Gén 8Go 512Go SSD - Silver,,TND,,0.0,HP,[9D6W0EA],https://www.mytek.tn/pc-portable-hp-15-fd0042nk-i5-13e-gen-8go-512go-ssd-silver.html,https://mk-media.mytek.tn/media/catalog/product/cache/4635b69058c0dccf0c8109f6ac6742cc/p/c/pc-portable-hp-15-fd0042nk-i5-13e-gen-8go-512go-ssd-silver-a.jpg,"Écran 15.6"" Full HD - Processeur: Intel Core i5-1334U (Up to 4.60 GHz Turbo max, 12 Mo de mémoire cache, 10-Cores) - Système d'exploitation: Windows 11 Famille - Mémoire RAM: 8 Go DDR4-3200 MHz - Disque Dur: 512Go SSD - ...",True,mytek,Tunisia,2025-12-28T22:45:08.123649,,,8.0,8Go,
59038,PC Portable HP 15-fd0093nk i5 13è Gén 16Go 512Go SSD - Silver & Or Chaud,,TND,,0.0,HP,[A2AP6EA-16G],https://www.mytek.tn/pc-portable-hp-15-fd0093nk-i5-13e-gen-16go-512go-ssd-silver-or-chaud.html,https://mk-media.mytek.tn/media/catalog/product/cache/4635b69058c0dccf0c8109f6ac6742cc/p/c/pc-portable-hp-15-fd0093nk-i5-13e-gen-16go-512go-ssd-silver-or-chaud-mt.jpg,"Écran 15.6"" Full HD - Processeur: Intel Core i5-1334U (Up to 4.60 GHz Turbo max, 12 Mo de mémoire cache, 10-Cores) - Système d'exploitation: FreeDos - Mémoire RAM: 16 Go DDR4-3200 MHz - Disque Dur: 512Go SSD - Carte Grap...",True,mytek,Tunisia,2025-12-28T22:45:08.124649,,,16.0,16Go,
66179,PC Portable ASUS Vivobook 15 M1502YA AMD RYZEN 7 12Go 512Go SSD - Bleu,,TND,,0.0,ASUS,[M1502YA-NJ218W-12G],https://www.mytek.tn/pc-portable-asus-vivobook-15-m1502ya-amd-ryzen-7-12go-512go-ssd-bleu.html,https://mk-media.mytek.tn/media/catalog/product/cache/4635b69058c0dccf0c8109f6ac6742cc/p/c/pc-portable-asus-vivobook-15-m1502ya-amd-ryzen-7-12go-512go-ssd-bleu-mp.jpg,"Écran 15.6"" Full HD - Processeur: AMD Ryzen™ 7 7730U (2 GHz up to 4.5 GHz Turbo max, 16 Mo de mémoire cache, Octa-Core) - Système d'exploitation: Windows 11 Famille - Mémoire RAM: 12 Go DDR4 - Disque Dur: 512 Go SSD - Ca...",True,mytek,Tunisia,2025-12-28T22:45:08.125649,AMD RYZEN 7 12Go,,12.0,12Go,
66080,PC Portable ASUS ExpertBook P1503 i5 13è Gén 8G 512G SSD - Gris,,TND,,0.0,ASUS,[P1503CVA-S71573W],https://www.mytek.tn/pc-portable-asus-expertbook-p1503-i5-13e-gen-8g-512g-ssd-gris.html,https://mk-media.mytek.tn/media/catalog/product/cache/4635b69058c0dccf0c8109f6ac6742cc/p/c/pc-portable-asus-expertbook-p1503-i5-13e-gen-8g-512g-ssd-gris.jpg,"Écran 15.6'' Full HD - Processeur: Intel Core i5-13420H (Up to 4.60 GHz Turbo max, 12 Mo Mémoire cache, Octa-Core) - Système d'exploitation: Windows 11 Famille - Mémoire RAM: 8 Go DDR5 - Disque Dur: 512 Go SSD - Carte Gr...",True,mytek,Tunisia,2025-12-28T22:45:08.127649,,,,,
65603,PC Portable DELL 15 i5 13è Gén 24Go 512Go SSD - Noir,,TND,,0.0,DELL,[DC15250-I5-24G],https://www.mytek.tn/pc-portable-dell-15-i5-13e-gen-24go-512go-ssd-noir.html,https://mk-media.mytek.tn/media/catalog/product/cache/4635b69058c0dccf0c8109f6ac6742cc/p/c/pc-portable-dell-15-i5-13e-gen-24go-512go-ssd-noir-1.jpg,"Écran 15.6"" Full HD IPS, 120Hz - Processeur: Intel Core i5-1334U (Up to 4.60 GHz Turbo max ,12Mo de mémoire cache, 10-Cores) - Système d'exploitation: FreeDos - Mémoire RAM: 24 Go - Disque dur: 512 Go SSD - Carte graphiq...",True,mytek,Tunisia,2025-12-28T22:45:08.128649,,,24.0,24Go,
66812,PC Portable DELL 16 Intel Core 5 120U 16Go 512Go SSD - Noir,,TND,,0.0,DELL,[DC16250-C5-16G],https://www.mytek.tn/pc-portable-dell-16-intel-core-5-120u-16go-512go-ssd-noir.html,https://mk-media.mytek.tn/media/catalog/product/cache/4635b69058c0dccf0c8109f6ac6742cc/p/c/pc-portable-dell-16-intel-core-5-120u-16go-512go-ssd-noir.jpg,"Écran 16"" WUXGA IPS - Processeur: Intel Core 5 120U (Up to 5 GHz Turbo max ,12Mo de mémoire cache, 10-Cores) - Système d'exploitation: FreeDos - Mémoire RAM: 16 Go - Disque dur: 512 Go SSD - Carte graphique: Intel® Graph...",True,mytek,Tunisia,2025-12-28T22:45:08.129649,,,16.0,16Go,
