id,title,price,currency,regular_price,discount_percent,brand,url,image,in_stock,source,country,scraped_at,processor,gpu,ram_gb,storage,screen_size
80004,Pc Portable Gamer MSI Thin 15 B13U / i5-13420H / RTX 2050 4G / 8 Go / 512 Go SSD / Gris Cosmos,2025.0,TND,2235.0,9.4,,https://www.tunisianet.com.tn/pc-portable-tunisie/80004-pc-portable-gamer-msi-thin-15-b13u-i5-13420h-rtx-2050-4g-8-go-512-go-ssd-gris-cosmos-.html,,False,tunisianet,Tunisia,2025-12-27T12:24:01.099334,i5-13420H,RTX 2050 4G,8,8 Go SSD,
84704,PC Portable Gamer Lenovo LOQ 15IAX9E / i5-12450HX / RTX 2050 4G / 16 Go DDR5 / 512 Go SSD / Gris,2049.0,TND,,0.0,,https://www.tunisianet.com.tn/pc-portable-tunisie/84704-pc-portable-gamer-lenovo-loq-15iax9e-i5-12450hx-rtx-2050-4g-16-go-ddr5-512-go-ssd-gris-.html,,False,tunisianet,Tunisia,2025-12-27T12:24:01.106337,i5-12450HX,RTX 2050 4G,16,16 Go SSD,
79791,Pc Portable Gamer MSI Thin 15 B13U / i5-13420H / RTX 2050 4G / 8 Go / 512 Go SSD / Gris Cosmos Sac à dos MSI Offert,2075.0,TND,2285.0,9.19,,https://www.tunisianet.com.tn/pc-portable-tunisie/79791-pc-portable-gamer-msi-thin-15-b13u-i5-13420h-rtx-2050-4g-8-go-512-go-ssd-gris-cosmos-sac-a-dos-msi-offert.html,,False,tunisianet,Tunisia,2025-12-27T12:24:01.113335,i5-13420H,RTX 2050 4G,8,8 Go SSD,
87715,PC Portable ASUS TUF Gaming A15 FA506NF / Ryzen 5 7535HS / RTX 2050 4G / 8 Go / Windows 11 / Noir,2089.0,TND,,0.0,,https://www.tunisianet.com.tn/pc-portable-tunisie/87715-pc-portable-asus-tuf-gaming-a15-fa506nf-ryzen-5-7535hs-rtx-2050-4g-8-go-windows-11-noir.html,,False,tunisianet,Tunisia,2025-12-27T12:24:01.121334,,RTX 2050 4G,8,8 Go SSD,
83103,PC Portable Gamer Lenovo LOQ 15IAX9E / i5-12450HX / RTX 2050 4G / 16 Go DDR5 / 512 Go SSD / Windows 11 / Gris,2099.0,TND,,0.0,,https://www.tunisianet.com.tn/pc-portable-tunisie/83103-pc-portable-gamer-lenovo-loq-15iax9e-i5-12450hx-rtx-2050-4g-16-go-ddr5-512-go-ssd-windows-11-gris-.html,,False,tunisianet,Tunisia,2025-12-27T12:24:01.129338,i5-12450HX,RTX 2050 4G,16,16 Go SSD,
88357,PC Portable Gamer Lenovo LOQ 15IAX9E / i5-12450HX / RTX 2050 4G / 16 Go DDR5 / 512 Go SSD / Windows 11 Pro / Gris,2109.0,TND,,0.0,,https://www.tunisianet.com.tn/pc-portable-tunisie/88357-pc-portable-gamer-lenovo-loq-15iax9e-i5-12450hx-rtx-2050-4g-16-go-ddr5-512-go-ssd-windows-11-pro-gris-.html,,False,tunisianet,Tunisia,2025-12-27T12:24:01.136334,i5-12450HX,RTX 2050 4G,16,16 Go SSD,
81462,Pc Portable Gamer MSI Thin 15 B13U / i5-13420H / RTX 2050 4G / 8 Go / 512 Go SSD / Windows 11 Pro / Gris Cosmos Sac à dos MSI Offert,2135.0,TND,2345.0,8.96,,https://www.tunisianet.com.tn/pc-portable-tunisie/81462-pc-portable-gamer-msi-thin-15-b13u-i5-13420h-rtx-2050-4g-8-go-512-go-ssd-windows-11-pro-gris-cosmos-sac-a-dos-msi-offert-.html,,False,tunisianet,Tunisia,2025-12-27T12:24:01.143334,i5-13420H,RTX 2050 4G,8,8 Go SSD,
79890,Pc Portable Gamer HP Victus Gaming 15-fa1007nk / i5-13420H / RTX 2050 4G / 8 Go / 512 Go SSD / Windows 11 / Noir,2149.0,TND,,0.0,,https://www.tunisianet.com.tn/pc-portable-tunisie/79890-pc-portable-gamer-hp-victus-gaming-15-fa1007nk-i5-13420h-rtx-2050-4g-8-go-512-go-ssd-windows-11-noir.html,,False,tunisianet,Tunisia,2025-12-27T12:24:01.151395,i5-13420H,RTX 2050 4G,8,8 Go SSD,
82080,PC Portable Gamer HP Victus Gaming Laptop 15-fa1006nk / i5-13420H / 8 Go / 512 Go SSD / Windows 11 / Bleu,2149.0,TND,,0.0,,https://www.tunisianet.com.tn/pc-portable-tunisie/82080-pc-portable-gamer-hp-victus-gaming-laptop-15-fa1006nk-i5-13420h-8-go-512-go-ssd-windows-11-bleu-.html,,False,tunisianet,Tunisia,2025-12-27T12:24:01.160403,i5-13420H,,8,8 Go SSD,
90223,Pc Portable Gamer HP Victus Gaming 15-fa1007nk / i5-13420H / RTX 2050 4G / 8 Go / 512 Go SSD / Windows 11 / Noir,2149.0,TND,,0.0,,https://www.tunisianet.com.tn/pc-portable-tunisie/90223-pc-portable-gamer-hp-victus-gaming-15-fa1007nk-i5-13420h-rtx-2050-4g-8-go-512-go-ssd-windows-11-noir.html,,False,tunisianet,Tunisia,2025-12-27T12:24:01.168590,i5-13420H,RTX 2050 4G,8,8 Go SSD,
90216,PC Portable Gamer HP Victus Gaming Laptop 15-fa1006nk / i5-13420H / 8 Go / 512 Go SSD / Windows 11 / Bleu,2149.0,TND,,0.0,,https://www.tunisianet.com.tn/pc-portable-tunisie/90216-pc-portable-gamer-hp-victus-gaming-laptop-15-fa1006nk-i5-13420h-8-go-512-go-ssd-windows-11-bleu-.html,,False,tunisianet,Tunisia,2025-12-27T12:24:01.176398,i5-13420H,,8,8 Go SSD,
89871,"PC Portable Gamer ASUS Vivobook 16X I5-13420H 8GB 512SSD RTX30504GO W11 16"" WUXGA SILVER",2195.0,TND,2359.0,6.95,,https://www.tunisianet.com.tn/pc-portable-tunisie/89871-pc-portable-gamer-asus-vivobook-16x-i5-13420h-8gb-512ssd-rtx30504go-w11-16-wuxga-silver.html,,False,tunisianet,Tunisia,2025-12-27T12:24:01.184403,I5-13420H,,30504,30504 GO SSD,"16"""
89870,"PC Portable Gamer ASUS Vivobook 16X I5-13420H 8GB 512SSD RTX30504GO W11 16"" WUXGA BLACK",2195.0,TND,2359.0,6.95,,https://www.tunisianet.com.tn/pc-portable-tunisie/89870-pc-portable-gamer-asus-vivobook-16x-i5-13420h-8gb-512ssd-rtx30504go-w11-16-wuxga-black.html,,False,tunisianet,Tunisia,2025-12-27T12:24:01.191396,I5-13420H,,30504,30504 GO SSD,"16"""
80005,Pc Portable Gamer MSI Thin 15 B13U / i5-13420H / RTX 2050 4G / 16 Go / 512 Go SSD / Gris Cosmos,2195.0,TND,2405.0,8.73,,https://www.tunisianet.com.tn/pc-portable-tunisie/80005-pc-portable-gamer-msi-thin-15-b13u-i5-13420h-rtx-2050-4g-16-go-512-go-ssd-gris-cosmos-.html,,False,tunisianet,Tunisia,2025-12-27T12:24:01.198335,i5-13420H,RTX 2050 4G,16,16 Go SSD,
87897,"PC Portable Gamer ASUS Vivobook 16X I5-13420H 8GB 512SSD RTX30504GO W11 16"" WUXGA BLACK + SAC A DOS",2239.0,TND,2399.0,6.67,,https://www.tunisianet.com.tn/pc-portable-tunisie/87897-pc-portable-gamer-asus-vivobook-16x-i5-13420h-8gb-512ssd-rtx30504go-w11-16-wuxga-black-sac-a-dos.html,,False,tunisianet,Tunisia,2025-12-27T12:24:01.203395,I5-13420H,,30504,30504 GO SSD,"16"""
87904,"PC Portable Gamer ASUS Vivobook 16X I5-13420H 8GB 512SSD RTX30504GO W11 16"" WUXGA SILVER + SAC A DOS",2239.0,TND,2399.0,6.67,,https://www.tunisianet.com.tn/pc-portable-tunisie/87904-pc-portable-gamer-asus-vivobook-16x-i5-13420h-8gb-512ssd-rtx30504go-w11-16-wuxga-silver-sac-a-dos.html,,False,tunisianet,Tunisia,2025-12-27T12:24:01.208376,I5-13420H,,30504,30504 GO SSD,"16"""
79814,Pc Portable Gamer MSI Thin 15 B13U / i5-13420H / RTX 2050 4G / 16 Go / 512 Go SSD / Gris Cosmos Sac à dos MSI Offert,2245.0,TND,2455.0,8.55,,https://www.tunisianet.com.tn/pc-portable-tunisie/79814-pc-portable-gamer-msi-thin-15-b13u-i5-13420h-rtx-2050-4g-16-go-512-go-ssd-gris-cosmos-sac-a-dos-msi-offert-.html,,False,tunisianet,Tunisia,2025-12-27T12:24:01.213378,i5-13420H,RTX 2050 4G,16,16 Go SSD,
90809,"PC Portable Gamer ASUS Vivobook 16X I5-13420H 12GB 512SSD RTX30504GO W11 16"" WUXGA BLACK",2255.0,TND,2419.0,6.78,,https://www.tunisianet.com.tn/pc-portable-tunisie/90809-pc-portable-gamer-asus-vivobook-16x-i5-13420h-12gb-512ssd-rtx30504go-w11-16-wuxga-black.html,,False,tunisianet,Tunisia,2025-12-27T12:24:01.217380,I5-13420H,,30504,30504 GO SSD,"16"""
90814,"PC Portable Gamer ASUS Vivobook 16X I5-13420H 12GB 512SSD RTX30504GO W11 16"" WUXGA SILVER",2255.0,TND,2419.0,6.78,,https://www.tunisianet.com.tn/pc-portable-tunisie/90814-pc-portable-gamer-asus-vivobook-16x-i5-13420h-12gb-512ssd-rtx30504go-w11-16-wuxga-silver.html,,False,tunisianet,Tunisia,2025-12-27T12:24:01.222383,I5-13420H,,30504,30504 GO SSD,"16"""
85437,Portable Gaming HP Victus Gaming 15-fa2000nk / i7-13620H / RTX 2050 4G / 8 Go / 512 Go SSD / Windows 11 / Argent,2289.0,TND,,0.0,,https://www.tunisianet.com.tn/pc-portable-tunisie/85437-portable-gaming-hp-victus-gaming-15-fa2000nk-i7-13620h-rtx-2050-4g-8-go-512-go-ssd-windows-11-argent-.html,,False,tunisianet,Tunisia,2025-12-27T12:24:01.227388,i7-13620H,RTX 2050 4G,8,8 Go SSD,
90224,Pc Portable Gamer HP Victus Gaming 15-fa1007nk / i5-13420H / RTX 2050 4G / 16 Go / 512 Go SSD / Windows 11 / Noir,2299.0,TND,,0.0,,https://www.tunisianet.com.tn/pc-portable-tunisie/90224-pc-portable-gamer-hp-victus-gaming-15-fa1007nk-i5-13420h-rtx-2050-4g-16-go-512-go-ssd-windows-11-noir.html,,False,tunisianet,Tunisia,2025-12-27T12:24:01.232373,i5-13420H,RTX 2050 4G,16,16 Go SSD,
79936,Pc Portable Gamer HP Victus Gaming 15-fa1007nk / i5-13420H / RTX 2050 4G / 16 Go / 512 Go SSD / Windows 11 / Noir,2299.0,TND,,0.0,,https://www.tunisianet.com.tn/pc-portable-tunisie/79936-pc-portable-gamer-hp-victus-gaming-15-fa1007nk-i5-13420h-rtx-2050-4g-16-go-512-go-ssd-windows-11-noir.html,,False,tunisianet,Tunisia,2025-12-27T12:24:01.237388,i5-13420H,RTX 2050 4G,16,16 Go SSD,
89468,"PC Portable Gamer ASUS Vivobook 16X I5-13420H 12GB 512SSD RTX30504GO W11 16"" WUXGA BLACK + SAC A DOS",2299.0,TND,2459.0,6.51,,https://www.tunisianet.com.tn/pc-portable-tunisie/89468-pc-portable-gamer-asus-vivobook-16x-i5-13420h-12gb-512ssd-rtx30504go-w11-16-wuxga-black-sac-a-dos.html,,False,tunisianet,Tunisia,2025-12-27T12:24:01.241387,I5-13420H,,30504,30504 GO SSD,"16"""
89467,"PC Portable Gamer ASUS Vivobook 16X I5-13420H 12GB 512SSD RTX30504GO W11 16"" WUXGA SILVER + SAC A DOS",2299.0,TND,2459.0,6.51,,https://www.tunisianet.com.tn/pc-portable-tunisie/89467-pc-portable-gamer-asus-vivobook-16x-i5-13420h-12gb-512ssd-rtx30504go-w11-16-wuxga-silver-sac-a-dos.html,,False,tunisianet,Tunisia,2025-12-27T12:24:01.247392,I5-13420H,,30504,30504 GO SSD,"16"""
81458,Pc Portable Gamer MSI Thin 15 B13U / i5-13420H / RTX 2050 4G / 16 Go / 512 Go SSD / Windows 11 Pro / Gris Cosmos Sac à dos MSI Offert,2305.0,TND,2515.0,8.35,,https://www.tunisianet.com.tn/pc-portable-tunisie/81458-pc-portable-gamer-msi-thin-15-b13u-i5-13420h-rtx-2050-4g-16-go-512-go-ssd-windows-11-pro-gris-cosmos-sac-a-dos-msi-offert-.html,,False,tunisianet,Tunisia,2025-12-27T12:24:09.162812,i5-13420H,RTX 2050 4G,16,16 Go SSD,
90218,PC Portable Gamer HP Victus Gaming Laptop 15-fa1006nk / i5-13420H / 16 Go / 512 Go SSD / Windows 11 / Bleu,2309.0,TND,,0.0,,https://www.tunisianet.com.tn/pc-portable-tunisie/90218-pc-portable-gamer-hp-victus-gaming-laptop-15-fa1006nk-i5-13420h-16-go-512-go-ssd-windows-11-bleu.html,,False,tunisianet,Tunisia,2025-12-27T12:24:09.170852,i5-13420H,,16,16 Go SSD,
82106,PC Portable Gamer HP Victus Gaming Laptop 15-fa1006nk / i5-13420H / 16 Go / 512 Go SSD / Windows 11 / Bleu,2309.0,TND,,0.0,,https://www.tunisianet.com.tn/pc-portable-tunisie/82106-pc-portable-gamer-hp-victus-gaming-laptop-15-fa1006nk-i5-13420h-16-go-512-go-ssd-windows-11-bleu.html,,False,tunisianet,Tunisia,2025-12-27T12:24:09.177867,i5-13420H,,16,16 Go SSD,
88336,Pc Portable Gamer Lenovo LOQ 15IAX9 / i5-12450HX / RTX 2050 4G / 12 Go DDR5 / 512 Go SSD / Windows 11 / Gris,2329.0,TND,,0.0,,https://www.tunisianet.com.tn/pc-portable-tunisie/88336-pc-portable-gamer-lenovo-loq-15iax9-i5-12450hx-rtx-2050-4g-12-go-ddr5-512-go-ssd-windows-11-gris.html,,False,tunisianet,Tunisia,2025-12-27T12:24:09.185873,i5-12450HX,RTX 2050 4G,12,12 Go SSD,
88681,Pc Portable Gamer ASUS V16 V3607VJ / Intel Core 5 210H / RTX 3050 6G / 8 Go DDR5 / 512 Go SSD / Noir,2339.0,TND,2649.0,11.7,,https://www.tunisianet.com.tn/pc-portable-tunisie/88681-pc-portable-gamer-asus-v16-v3607vj-intel-core-5-210h-rtx-3050-6g-8-go-ddr5-512-go-ssd-noir.html,,False,tunisianet,Tunisia,2025-12-27T12:24:09.193063,,RTX 3050 6G,8,8 Go SSD,
80000,Pc Portable Gamer MSI Thin 15 B13U / i7-13620H / RTX 2050 4G / 8 Go / 512 Go SSD / Gris Cosmos,2345.0,TND,,0.0,,https://www.tunisianet.com.tn/pc-portable-tunisie/80000-pc-portable-gamer-msi-thin-15-b13u-i7-13620h-rtx-2050-4g-8-go-512-go-ssd-gris-cosmos-.html,,False,tunisianet,Tunisia,2025-12-27T12:24:09.200867,i7-13620H,RTX 2050 4G,8,8 Go SSD,
80006,Pc Portable Gamer MSI Thin 15 B13U / i5-13420H / RTX 2050 4G / 24 Go / 512 Go SSD / Gris Cosmos,2355.0,TND,2565.0,8.19,,https://www.tunisianet.com.tn/pc-portable-tunisie/80006-pc-portable-gamer-msi-thin-15-b13u-i5-13420h-rtx-2050-4g-24-go-512-go-ssd-gris-cosmos-.html,,False,tunisianet,Tunisia,2025-12-27T12:24:09.208869,i5-13420H,RTX 2050 4G,24,24 Go SSD,
89139,Pc Portable ASUS Vivobook S14 S3407QA / Snapdragon X X1 26 100 / 16 Go / 512 Go SSD / Windows 11 / Copilot+ / Silver,2359.0,TND,,0.0,,https://www.tunisianet.com.tn/pc-portable-tunisie/89139-pc-portable-asus-vivobook-s14-s3407qa-snapdragon-x-x1-26-100-16-go-512-go-ssd-windows-11-copilot-silver.html,,False,tunisianet,Tunisia,2025-12-27T12:24:09.216845,,,16,16 Go SSD,
90815,"PC Portable Gamer ASUS Vivobook 16X I5-13420H 16GB 512SSD RTX30504GO W11 16"" WUXGA SILVER",2365.0,TND,2519.0,6.11,,https://www.tunisianet.com.tn/pc-portable-tunisie/90815-pc-portable-gamer-asus-vivobook-16x-i5-13420h-16gb-512ssd-rtx30504go-w11-16-wuxga-silver.html,,False,tunisianet,Tunisia,2025-12-27T12:24:09.224473,I5-13420H,,30504,30504 GO SSD,"16"""
90810,"PC Portable Gamer ASUS Vivobook 16X I5-13420H 16GB 512SSD RTX30504GO W11 16"" WUXGA BLACK",2365.0,TND,2519.0,6.11,,https://www.tunisianet.com.tn/pc-portable-tunisie/90810-pc-portable-gamer-asus-vivobook-16x-i5-13420h-16gb-512ssd-rtx30504go-w11-16-wuxga-black.html,,False,tunisianet,Tunisia,2025-12-27T12:24:09.231686,I5-13420H,,30504,30504 GO SSD,"16"""
83608,Pc Portable Gamer ASUS V16 V3607VJ / Intel Core 5 210H / RTX 3050 6G / 8 Go DDR5 / 512 Go SSD / Noir,2379.0,TND,2689.0,11.53,,https://www.tunisianet.com.tn/pc-portable-tunisie/83608-pc-portable-gamer-asus-v16-v3607vj-intel-core-5-210h-rtx-3050-6g-8-go-ddr5-512-go-ssd-noir.html,,False,tunisianet,Tunisia,2025-12-27T12:24:09.239094,,RTX 3050 6G,8,8 Go SSD,
90226,Pc Portable Gamer HP Victus Gaming 15-fa1007nk / i5-13420H / RTX 2050 4G / 24 Go / 512 Go SSD / Windows 11 / Noir,2389.0,TND,,0.0,,https://www.tunisianet.com.tn/pc-portable-tunisie/90226-pc-portable-gamer-hp-victus-gaming-15-fa1007nk-i5-13420h-rtx-2050-4g-24-go-512-go-ssd-windows-11-noir.html,,False,tunisianet,Tunisia,2025-12-27T12:24:09.247361,i5-13420H,RTX 2050 4G,24,24 Go SSD,
72735,PC Portable ASUS TUF Gaming A15 FA506NF / Ryzen 5 7535HS / RTX 2050 4G / 16 Go / Windows 11 / Noir,2389.0,TND,,0.0,,https://www.tunisianet.com.tn/pc-portable-tunisie/72735-pc-portable-asus-tuf-gaming-a15-fa506nf-ryzen-5-7535hs-rtx-2050-4g-16-go-windows-11-noir.html,,False,tunisianet,Tunisia,2025-12-27T12:24:09.254223,,RTX 2050 4G,16,16 Go SSD,
79794,Pc Portable Gamer MSI Thin 15 B13U / i7-13620H / RTX 2050 4G / 8 Go / 512 Go SSD / Gris Cosmos Sac à dos MSI Offert,2389.0,TND,,0.0,,https://www.tunisianet.com.tn/pc-portable-tunisie/79794-pc-portable-gamer-msi-thin-15-b13u-i7-13620h-rtx-2050-4g-8-go-512-go-ssd-gris-cosmos-sac-a-dos-msi-offert-.html,,False,tunisianet,Tunisia,2025-12-27T12:24:09.262222,i7-13620H,RTX 2050 4G,8,8 Go SSD,
79937,Pc Portable Gamer HP Victus Gaming 15-fa1007nk / i5-13420H / RTX 2050 4G / 24 Go / 512 Go SSD / Windows 11 / Noir,2389.0,TND,,0.0,,https://www.tunisianet.com.tn/pc-portable-tunisie/79937-pc-portable-gamer-hp-victus-gaming-15-fa1007nk-i5-13420h-rtx-2050-4g-24-go-512-go-ssd-windows-11-noir.html,,False,tunisianet,Tunisia,2025-12-27T12:24:09.270223,i5-13420H,RTX 2050 4G,24,24 Go SSD,
89994,Portable Gaming HP Victus Gaming 15-fa2029nk / i7-13620H / RTX 2050 4G / 8 Go / 512 Go SSD / Windows 11 / Argent,2389.0,TND,,0.0,,https://www.tunisianet.com.tn/pc-portable-tunisie/89994-portable-gaming-hp-victus-gaming-15-fa2029nk-i7-13620h-rtx-2050-4g-8-go-512-go-ssd-windows-11-argent.html,,False,tunisianet,Tunisia,2025-12-27T12:24:09.277223,i7-13620H,RTX 2050 4G,8,8 Go SSD,
89566,Pc Portable Gamer MSI Thin 15 B13UDX / i5-13420H / RTX 3050 6G / 8 Go / 512 Go SSD / Gris,2399.0,TND,,0.0,,https://www.tunisianet.com.tn/pc-portable-tunisie/89566-pc-portable-gamer-msi-thin-15-b13udx-i5-13420h-rtx-3050-6g-8-go-512-go-ssd-gris.html,,False,tunisianet,Tunisia,2025-12-27T12:24:09.286223,i5-13420H,RTX 3050 6G,8,8 Go SSD,
72632,PC Portable ASUS TUF Gaming A15 FA506NFR / Ryzen 7 7435HS / RTX 2050 4G / 8 Go / 512 Go SSD / Windows 11 / Noir,2399.0,TND,2499.0,4.0,,https://www.tunisianet.com.tn/pc-portable-tunisie/72632-pc-portable-asus-tuf-gaming-a15-fa506nfr-ryzen-7-7435hs-rtx-2050-4g-8-go-512-go-ssd-windows-11-noir.html,,False,tunisianet,Tunisia,2025-12-27T12:24:09.293230,,RTX 2050 4G,8,8 Go SSD,
88687,Pc Portable Gamer ASUS V16 V3607VJ / Intel Core 5 210H / RTX 3050 6G / 8 Go DDR5 / 512 Go SSD / Windows 11 Pro / Noir,2399.0,TND,2709.0,11.44,,https://www.tunisianet.com.tn/pc-portable-tunisie/88687-pc-portable-gamer-asus-v16-v3607vj-intel-core-5-210h-rtx-3050-6g-8-go-ddr5-512-go-ssd-windows-11-pro-noir.html,,False,tunisianet,Tunisia,2025-12-27T12:24:09.300224,,RTX 3050 6G,8,8 Go SSD,
79815,Pc Portable Gamer MSI Thin 15 B13U / i5-13420H / RTX 2050 4G / 24 Go / 512 Go SSD / Gris Cosmos Sac à dos MSI Offert,2405.0,TND,2615.0,8.03,,https://www.tunisianet.com.tn/pc-portable-tunisie/79815-pc-portable-gamer-msi-thin-15-b13u-i5-13420h-rtx-2050-4g-24-go-512-go-ssd-gris-cosmos-sac-a-dos-msi-offert-.html,,False,tunisianet,Tunisia,2025-12-27T12:24:09.307426,i5-13420H,RTX 2050 4G,24,24 Go SSD,
81108,Pc Portable Gamer MSI Thin 15 B13U / i7-13620H / RTX 2050 4G / 8 Go / 512 Go SSD / Windows 11 Pro / Gris Cosmos,2405.0,TND,,0.0,,https://www.tunisianet.com.tn/pc-portable-tunisie/81108-pc-portable-gamer-msi-thin-15-b13u-i7-13620h-rtx-2050-4g-8-go-512-go-ssd-windows-11-pro-gris-cosmos-.html,,False,tunisianet,Tunisia,2025-12-27T12:24:09.314223,i7-13620H,RTX 2050 4G,8,8 Go SSD,
88380,"PC Portable Gamer ASUS Vivobook 16X I5-13420H 16GB 512SSD RTX30504GO W11 16"" WUXGA SILVER + SAC A DOS",2409.0,TND,2559.0,5.86,,https://www.tunisianet.com.tn/pc-portable-tunisie/88380-pc-portable-gamer-asus-vivobook-16x-i5-13420h-16gb-512ssd-rtx30504go-w11-16-wuxga-silver-sac-a-dos.html,,False,tunisianet,Tunisia,2025-12-27T12:24:09.321223,I5-13420H,,30504,30504 GO SSD,"16"""
88379,"PC Portable Gamer ASUS Vivobook 16X I5-13420H 16GB 512SSD RTX30504GO W11 16"" WUXGA BLACK + SAC A DOS",2409.0,TND,2559.0,5.86,,https://www.tunisianet.com.tn/pc-portable-tunisie/88379-pc-portable-gamer-asus-vivobook-16x-i5-13420h-16gb-512ssd-rtx30504go-w11-16-wuxga-black-sac-a-dos.html,,False,tunisianet,Tunisia,2025-12-27T12:24:09.328223,I5-13420H,,30504,30504 GO SSD,"16"""
91270,Pc Portable Gamer HP Victus Gaming 15-fb3008nk / Ryzen 5 8645HS / 8 Go DDR5 / 512 Go SSD / Windows 11 / Noir,2419.0,TND,,0.0,,https://www.tunisianet.com.tn/pc-portable-tunisie/91270-pc-portable-gamer-hp-victus-gaming-15-fb3008nk-ryzen-5-8645hs-8-go-ddr5-512-go-ssd-windows-11-noir.html,,False,tunisianet,Tunisia,2025-12-27T12:24:09.336223,,,8,8 Go SSD,
85946,Pc Portable Gamer ASUS V16 V3607VJ / Intel Core 5 210H / RTX 3050 6G / 8 Go DDR5 / 512 Go SSD / Windows 11 Pro / Noir,2439.0,TND,2749.0,11.28,,https://www.tunisianet.com.tn/pc-portable-tunisie/85946-pc-portable-gamer-asus-v16-v3607vj-intel-core-5-210h-rtx-3050-6g-8-go-ddr5-512-go-ssd-windows-11-pro-noir.html,,False,tunisianet,Tunisia,2025-12-27T12:24:14.992350,,RTX 3050 6G,8,8 Go SSD,
82171,PC Portable Gamer HP Victus Gaming Laptop 15-fa1006nk / i5-13420H / 24 Go / 512 Go SSD / Windows 11 / Bleu,2439.0,TND,,0.0,,https://www.tunisianet.com.tn/pc-portable-tunisie/82171-pc-portable-gamer-hp-victus-gaming-laptop-15-fa1006nk-i5-13420h-24-go-512-go-ssd-windows-11-bleu-.html,,False,tunisianet,Tunisia,2025-12-27T12:24:14.997106,i5-13420H,,24,24 Go SSD,
90219,PC Portable Gamer HP Victus Gaming Laptop 15-fa1006nk / i5-13420H / 24 Go / 512 Go SSD / Windows 11 / Bleu,2439.0,TND,,0.0,,https://www.tunisianet.com.tn/pc-portable-tunisie/90219-pc-portable-gamer-hp-victus-gaming-laptop-15-fa1006nk-i5-13420h-24-go-512-go-ssd-windows-11-bleu.html,,False,tunisianet,Tunisia,2025-12-27T12:24:15.002067,i5-13420H,,24,24 Go SSD,
85607,Portable Gaming HP Victus Gaming 15-fa2000nk / i7-13620H / RTX 2050 4G / 16 Go / 512 Go SSD / Windows 11 / Argent,2449.0,TND,,0.0,,https://www.tunisianet.com.tn/pc-portable-tunisie/85607-portable-gaming-hp-victus-gaming-15-fa2000nk-i7-13620h-rtx-2050-4g-16-go-512-go-ssd-windows-11-argent-.html,,False,tunisianet,Tunisia,2025-12-27T12:24:15.008107,i7-13620H,RTX 2050 4G,16,16 Go SSD,
89140,Pc Portable ASUS Vivobook S14 S3407QA / Snapdragon X X1 26 100 / 16 Go / 1 To SSD / Windows 11 / Copilot+ / Silver,2449.0,TND,2519.0,2.78,,https://www.tunisianet.com.tn/pc-portable-tunisie/89140-pc-portable-asus-vivobook-s14-s3407qa-snapdragon-x-x1-26-100-16-go-1-to-ssd-windows-11-copilot-silver.html,,False,tunisianet,Tunisia,2025-12-27T12:24:15.013164,,,16,16 Go SSD,
89423,Portable Gamer MSI Thin 15 B13UDX / i5-13420H / RTX 3050 6G / 8 Go / 512 Go SSD / Windows 11 Pro / Gris Avec Casque Gaming surround virtuel Patriot Viper V360 7.1 RGB / USB / Noir,2455.0,TND,2889.0,15.02,,https://www.tunisianet.com.tn/pc-portable-tunisie/89423-portable-gamer-msi-thin-15-b13udx-i5-13420h-rtx-3050-6g-8-go-512-go-ssd-windows-11-pro-gris.html,,False,tunisianet,Tunisia,2025-12-27T12:24:15.017186,i5-13420H,RTX 3050 6G,8,8 Go SSD,
90470,Pc Portable Gamer MSI Thin 15 B13UDX / i5-13420H / RTX 3050 6G / 8 Go / 512 Go SSD / Windows 11 Pro / Gris,2459.0,TND,,0.0,,https://www.tunisianet.com.tn/pc-portable-tunisie/90470-pc-portable-gamer-msi-thin-15-b13udx-i5-13420h-rtx-3050-6g-8-go-512-go-ssd-windows-11-pro-gris.html,,False,tunisianet,Tunisia,2025-12-27T12:24:15.022117,i5-13420H,RTX 3050 6G,8,8 Go SSD,
81460,Pc Portable Gamer MSI Thin 15 B13U / i5-13420H / RTX 2050 4G / 24 Go / 512 Go SSD / Windows 11 Pro / Gris Cosmos Sac à dos MSI Offert,2465.0,TND,2675.0,7.85,,https://www.tunisianet.com.tn/pc-portable-tunisie/81460-pc-portable-gamer-msi-thin-15-b13u-i5-13420h-rtx-2050-4g-24-go-512-go-ssd-windows-11-pro-gris-cosmos-sac-a-dos-msi-offert-.html,,False,tunisianet,Tunisia,2025-12-27T12:24:15.027109,i5-13420H,RTX 2050 4G,24,24 Go SSD,
80001,Pc Portable Gamer MSI Thin 15 B13U / i7-13620H / RTX 2050 4G / 16 Go / 512 Go SSD / Gris Cosmos,2509.0,TND,,0.0,,https://www.tunisianet.com.tn/pc-portable-tunisie/80001-pc-portable-gamer-msi-thin-15-b13u-i7-13620h-rtx-2050-4g-16-go-512-go-ssd-gris-cosmos-.html,,False,tunisianet,Tunisia,2025-12-27T12:24:15.033118,i7-13620H,RTX 2050 4G,16,16 Go SSD,
84888,PC Portable Gamer Lenovo LOQ 15IAX9E / i5-12450HX / RTX 2050 4G / 32 Go DDR5 / 512 Go SSD / Gris,2509.0,TND,,0.0,,https://www.tunisianet.com.tn/pc-portable-tunisie/84888-pc-portable-gamer-lenovo-loq-15iax9e-i5-12450hx-rtx-2050-4g-32-go-ddr5-512-go-ssd-gris-.html,,False,tunisianet,Tunisia,2025-12-27T12:24:15.038111,i5-12450HX,RTX 2050 4G,32,32 Go SSD,
90816,"PC Portable Gamer ASUS Vivobook 16X I5-13420H 24GB 512SSD RTX30504GO W11 16"" WUXGA SILVER",2525.0,TND,2649.0,4.68,,https://www.tunisianet.com.tn/pc-portable-tunisie/90816-pc-portable-gamer-asus-vivobook-16x-i5-13420h-24gb-512ssd-rtx30504go-w11-16-wuxga-silver.html,,False,tunisianet,Tunisia,2025-12-27T12:24:15.043279,I5-13420H,,30504,30504 GO SSD,"16"""
90812,"PC Portable Gamer ASUS Vivobook 16X I5-13420H 24GB 512SSD RTX30504GO W11 16"" WUXGA BLACK",2525.0,TND,2649.0,4.68,,https://www.tunisianet.com.tn/pc-portable-tunisie/90812-pc-portable-gamer-asus-vivobook-16x-i5-13420h-24gb-512ssd-rtx30504go-w11-16-wuxga-black.html,,False,tunisianet,Tunisia,2025-12-27T12:24:15.048110,I5-13420H,,30504,30504 GO SSD,"16"""
90795,Pc Portable Gamer Lenovo LOQ 15IAX9 / i5-12600HX / RTX 3050 6G / 8 Go DDR5 / 512 Go SSD / Windows 11 / Gris,2529.0,TND,,0.0,,https://www.tunisianet.com.tn/pc-portable-tunisie/90795-pc-portable-gamer-lenovo-loq-15iax9-i5-12600hx-rtx-3050-6g-8-go-ddr5-512-go-ssd-windows-11-gris.html,,False,tunisianet,Tunisia,2025-12-27T12:24:15.054111,i5-12600HX,RTX 3050 6G,8,8 Go SSD,
72792,PC Portable ASUS TUF Gaming A15 FA506NF / Ryzen 5 7535HS / RTX 2050 4G / 24 Go / Windows 11 / Noir,2539.0,TND,,0.0,,https://www.tunisianet.com.tn/pc-portable-tunisie/72792-pc-portable-asus-tuf-gaming-a15-fa506nf-ryzen-5-7535hs-rtx-2050-4g-24-go-windows-11-noir.html,,False,tunisianet,Tunisia,2025-12-27T12:24:15.059114,,RTX 2050 4G,24,24 Go SSD,
88177,Pc portable Dell Gaming G15 5535 / Ryzen 5 7640HS / RTX 3050 6G / 16 Go / 512 Go SSD / Windows 11,2549.0,TND,,0.0,,https://www.tunisianet.com.tn/pc-portable-tunisie/88177-pc-portable-dell-gaming-g15-5535-ryzen-5-7640hs-rtx-3050-6g-16-go-512-go-ssd-windows-11.html,,False,tunisianet,Tunisia,2025-12-27T12:24:15.064065,,RTX 3050 6G,16,16 Go SSD,
90598,Portable Gaming HP Victus Gaming 15-fa2029nk / i7-13620H / RTX 2050 4G / 16 Go / 512 Go SSD / Windows 11 / Argent,2549.0,TND,,0.0,,https://www.tunisianet.com.tn/pc-portable-tunisie/90598-portable-gaming-hp-victus-gaming-15-fa2029nk-i7-13620h-rtx-2050-4g-16-go-512-go-ssd-windows-11-argent.html,,False,tunisianet,Tunisia,2025-12-27T12:24:15.069104,i7-13620H,RTX 2050 4G,16,16 Go SSD,
79817,Pc Portable Gamer MSI Thin 15 B13U / i7-13620H / RTX 2050 4G / 16 Go / 512 Go SSD / Gris Cosmos Sac à dos MSI Offert,2559.0,TND,,0.0,,https://www.tunisianet.com.tn/pc-portable-tunisie/79817-pc-portable-gamer-msi-thin-15-b13u-i7-13620h-rtx-2050-4g-16-go-512-go-ssd-gris-cosmos-sac-a-dos-msi-offert-.html,,False,tunisianet,Tunisia,2025-12-27T12:24:15.075113,i7-13620H,RTX 2050 4G,16,16 Go SSD,
83117,PC Portable Gamer Lenovo LOQ 15IAX9E / i5-12450HX / RTX 2050 4G / 32 Go DDR5 / 512 Go SSD / Windows 11 / Gris,2559.0,TND,,0.0,,https://www.tunisianet.com.tn/pc-portable-tunisie/83117-pc-portable-gamer-lenovo-loq-15iax9e-i5-12450hx-rtx-2050-4g-32-go-ddr5-512-go-ssd-windows-11-gris-.html,,False,tunisianet,Tunisia,2025-12-27T12:24:15.080110,i5-12450HX,RTX 2050 4G,32,32 Go SSD,
80007,Pc Portable Gamer MSI Thin 15 B13U / i5-13420H / RTX 2050 4G / 32 Go / 512 Go SSD / Gris Cosmos,2559.0,TND,2769.0,7.58,,https://www.tunisianet.com.tn/pc-portable-tunisie/80007-pc-portable-gamer-msi-thin-15-b13u-i5-13420h-rtx-2050-4g-32-go-512-go-ssd-gris-cosmos-.html,,False,tunisianet,Tunisia,2025-12-27T12:24:15.085119,i5-13420H,RTX 2050 4G,32,32 Go SSD,
81103,Pc Portable Gamer MSI Thin 15 B13U / i7-13620H / RTX 2050 4G / 16 Go / 512 Go SSD / Windows 11 Pro / Gris Cosmos,2565.0,TND,,0.0,,https://www.tunisianet.com.tn/pc-portable-tunisie/81103-pc-portable-gamer-msi-thin-15-b13u-i7-13620h-rtx-2050-4g-16-go-512-go-ssd-windows-11-pro-gris-cosmos-.html,,False,tunisianet,Tunisia,2025-12-27T12:24:15.090109,i7-13620H,RTX 2050 4G,16,16 Go SSD,
88358,PC Portable Gamer Lenovo LOQ 15IAX9E / i5-12450HX / RTX 2050 4G / 32 Go DDR5 / 512 Go SSD / Windows 11 Pro / Gris,2569.0,TND,,0.0,,https://www.tunisianet.com.tn/pc-portable-tunisie/88358-pc-portable-gamer-lenovo-loq-15iax9e-i5-12450hx-rtx-2050-4g-32-go-ddr5-512-go-ssd-windows-11-pro-gris-.html,,False,tunisianet,Tunisia,2025-12-27T12:24:15.095112,i5-12450HX,RTX 2050 4G,32,32 Go SSD,
89782,Pc Portable Gamer MSI Thin 15 B13UDX / i5-13420H / RTX 3050 6G / 16 Go / 512 Go SSD / Gris,2569.0,TND,,0.0,,https://www.tunisianet.com.tn/pc-portable-tunisie/89782-pc-portable-gamer-msi-thin-15-b13udx-i5-13420h-rtx-3050-6g-16-go-512-go-ssd-gris.html,,False,tunisianet,Tunisia,2025-12-27T12:24:15.101065,i5-13420H,RTX 3050 6G,16,16 Go SSD,
88381,"PC Portable Gamer ASUS Vivobook 16X I5-13420H 24GB 512SSD RTX30504GO W11 16"" WUXGA SILVER + SAC A DOS",2569.0,TND,2689.0,4.46,,https://www.tunisianet.com.tn/pc-portable-tunisie/88381-pc-portable-gamer-asus-vivobook-16x-i5-13420h-24gb-512ssd-rtx30504go-w11-16-wuxga-silver-sac-a-dos.html,,False,tunisianet,Tunisia,2025-12-27T12:24:15.106147,I5-13420H,,30504,30504 GO SSD,"16"""
88378,"PC Portable Gamer ASUS Vivobook 16X I5-13420H 24GB 512SSD RTX30504GO W11 16"" WUXGA BLACK + SAC A DOS",2569.0,TND,2689.0,4.46,,https://www.tunisianet.com.tn/pc-portable-tunisie/88378-pc-portable-gamer-asus-vivobook-16x-i5-13420h-24gb-512ssd-rtx30504go-w11-16-wuxga-black-sac-a-dos.html,,False,tunisianet,Tunisia,2025-12-27T12:24:15.110130,I5-13420H,,30504,30504 GO SSD,"16"""
85608,Portable Gaming HP Victus Gaming 15-fa2000nk / i7-13620H / RTX 2050 4G / 24 Go / 512 Go SSD / Windows 11 / Argent,2579.0,TND,,0.0,,https://www.tunisianet.com.tn/pc-portable-tunisie/85608-portable-gaming-hp-victus-gaming-15-fa2000nk-i7-13620h-rtx-2050-4g-24-go-512-go-ssd-windows-11-argent-.html,,False,tunisianet,Tunisia,2025-12-27T12:24:21.904308,i7-13620H,RTX 2050 4G,24,24 Go SSD,
89186,Pc Portable Gamer ASUS V16 V3607VJ / Intel Core 5 210H / RTX 3050 6G / 20 Go DDR5 / 512 Go SSD / Noir,2589.0,TND,2899.0,10.69,,https://www.tunisianet.com.tn/pc-portable-tunisie/89186-pc-portable-gamer-asus-v16-v3607vj-intel-core-5-210h-rtx-3050-6g-20-go-ddr5-512-go-ssd-noir.html,,False,tunisianet,Tunisia,2025-12-27T12:24:21.908304,,RTX 3050 6G,20,20 Go SSD,
88497,Pc Portable Gamer Lenovo LOQ 15IAX9 / i5-12450HX / RTX 2050 4G / 16 Go DDR5 / 512 Go SSD / Windows 11 / Gris,2599.0,TND,,0.0,,https://www.tunisianet.com.tn/pc-portable-tunisie/88497-pc-portable-gamer-lenovo-loq-15iax9-i5-12450hx-rtx-2050-4g-16-go-ddr5-512-go-ssd-windows-11-gris.html,,False,tunisianet,Tunisia,2025-12-27T12:24:21.913308,i5-12450HX,RTX 2050 4G,16,16 Go SSD,
90220,PC Portable Gamer HP Victus Gaming Laptop 15-fa1006nk / i5-13420H / 32 Go / 512 Go SSD / Windows 11 / Bleu,2609.0,TND,,0.0,,https://www.tunisianet.com.tn/pc-portable-tunisie/90220-pc-portable-gamer-hp-victus-gaming-laptop-15-fa1006nk-i5-13420h-32-go-512-go-ssd-windows-11-bleu-.html,,False,tunisianet,Tunisia,2025-12-27T12:24:21.917411,i5-13420H,,32,32 Go SSD,
90227,Pc Portable Gamer HP Victus Gaming 15-fa1007nk / i5-13420H / RTX 2050 4G / 32 Go / 512 Go SSD / Windows 11 / Noir,2609.0,TND,,0.0,,https://www.tunisianet.com.tn/pc-portable-tunisie/90227-pc-portable-gamer-hp-victus-gaming-15-fa1007nk-i5-13420h-rtx-2050-4g-32-go-512-go-ssd-windows-11-noir.html,,False,tunisianet,Tunisia,2025-12-27T12:24:21.922312,i5-13420H,RTX 2050 4G,32,32 Go SSD,
86386,Pc Portable Gamer ASUS TUF Gaming A15 FA506NC / Ryzen 5 7535HS / RTX 3050 4G / 24 Go DDR5 / 512 Go SSD / Gris Avec / Windows 11 Pro,2609.0,TND,,0.0,,https://www.tunisianet.com.tn/pc-portable-tunisie/86386-pc-portable-gamer-asus-tuf-gaming-a15-fa506nc-ryzen-5-7535hs-rtx-3050-4g-24-go-ddr5-512-go-ssd-gris-avec-windows-11-pro.html,,False,tunisianet,Tunisia,2025-12-27T12:24:21.926303,,RTX 3050 4G,24,24 Go SSD,
86057,PC Portable Gamer HP Victus Gaming Laptop 15-fa1006nk / i5-13420H / 32 Go / 512 Go SSD / Windows 11 / Bleu,2609.0,TND,,0.0,,https://www.tunisianet.com.tn/pc-portable-tunisie/86057-pc-portable-gamer-hp-victus-gaming-laptop-15-fa1006nk-i5-13420h-32-go-512-go-ssd-windows-11-bleu-.html,,False,tunisianet,Tunisia,2025-12-27T12:24:21.930302,i5-13420H,,32,32 Go SSD,
79941,Pc Portable Gamer HP Victus Gaming 15-fa1007nk / i5-13420H / RTX 2050 4G / 32 Go / 512 Go SSD / Windows 11 / Noir,2609.0,TND,,0.0,,https://www.tunisianet.com.tn/pc-portable-tunisie/79941-pc-portable-gamer-hp-victus-gaming-15-fa1007nk-i5-13420h-rtx-2050-4g-32-go-512-go-ssd-windows-11-noir.html,,False,tunisianet,Tunisia,2025-12-27T12:24:21.935303,i5-13420H,RTX 2050 4G,32,32 Go SSD,
79816,Pc Portable Gamer MSI Thin 15 B13U / i5-13420H / RTX 2050 4G / 32 Go / 512 Go SSD / Gris Cosmos Sac à dos MSI Offert,2609.0,TND,2819.0,7.45,,https://www.tunisianet.com.tn/pc-portable-tunisie/79816-pc-portable-gamer-msi-thin-15-b13u-i5-13420h-rtx-2050-4g-32-go-512-go-ssd-gris-cosmos-sac-a-dos-msi-offert-.html,,False,tunisianet,Tunisia,2025-12-27T12:24:21.939304,i5-13420H,RTX 2050 4G,32,32 Go SSD,
81102,Pc Portable Gamer MSI Thin 15 B13U / i7-13620H / RTX 2050 4G / 16 Go / 512 Go SSD / Windows 11 Pro / Gris Cosmos Sac à dos MSI Offert,2619.0,TND,,0.0,,https://www.tunisianet.com.tn/pc-portable-tunisie/81102-pc-portable-gamer-msi-thin-15-b13u-i7-13620h-rtx-2050-4g-16-go-512-go-ssd-windows-11-pro-gris-cosmos-sac-a-dos-msi-offert-.html,,False,tunisianet,Tunisia,2025-12-27T12:24:21.945313,i7-13620H,RTX 2050 4G,16,16 Go SSD,
90471,Pc Portable Gamer MSI Thin 15 B13UDX / i5-13420H / RTX 3050 6G / 16 Go / 512 Go SSD / Windows 11 Pro / Gris,2629.0,TND,,0.0,,https://www.tunisianet.com.tn/pc-portable-tunisie/90471-pc-portable-gamer-msi-thin-15-b13udx-i5-13420h-rtx-3050-6g-16-go-512-go-ssd-windows-11-pro-gris.html,,False,tunisianet,Tunisia,2025-12-27T12:24:21.950307,i5-13420H,RTX 3050 6G,16,16 Go SSD,
89185,Pc Portable Gamer ASUS V16 V3607VJ / Intel Core 5 210H / RTX 3050 6G / 20 Go DDR5 / 512 Go SSD / Noir,2629.0,TND,2939.0,10.55,,https://www.tunisianet.com.tn/pc-portable-tunisie/89185-pc-portable-gamer-asus-v16-v3607vj-intel-core-5-210h-rtx-3050-6g-20-go-ddr5-512-go-ssd-noir.html,,False,tunisianet,Tunisia,2025-12-27T12:24:21.956321,,RTX 3050 6G,20,20 Go SSD,
88682,Pc Portable Gamer ASUS V16 V3607VJ / Intel Core 5 210H / RTX 3050 6G / 16 Go DDR5 / 512 Go SSD / Noir,2639.0,TND,2949.0,10.51,,https://www.tunisianet.com.tn/pc-portable-tunisie/88682-pc-portable-gamer-asus-v16-v3607vj-intel-core-5-210h-rtx-3050-6g-16-go-ddr5-512-go-ssd-noir.html,,False,tunisianet,Tunisia,2025-12-27T12:24:21.963325,,RTX 3050 6G,16,16 Go SSD,
84905,PC Portable ASUS TUF Gaming A15 FA506NF / Ryzen 5 7535HS / RTX 2050 4G / 32 Go / Noir,2649.0,TND,,0.0,,https://www.tunisianet.com.tn/pc-portable-tunisie/84905-pc-portable-asus-tuf-gaming-a15-fa506nf-ryzen-5-7535hs-rtx-2050-4g-32-go-noir-.html,,False,tunisianet,Tunisia,2025-12-27T12:24:21.970323,,RTX 2050 4G,32,32 Go SSD,
89188,Pc Portable Gamer ASUS V16 V3607VJ / Intel Core 5 210H / RTX 3050 6G / 20 Go DDR5 / 512 Go SSD / Windows 11 Pro / Noir,2649.0,TND,2959.0,10.48,,https://www.tunisianet.com.tn/pc-portable-tunisie/89188-pc-portable-gamer-asus-v16-v3607vj-intel-core-5-210h-rtx-3050-6g-20-go-ddr5-512-go-ssd-windows-11-pro-noir.html,,False,tunisianet,Tunisia,2025-12-27T12:24:21.977328,,RTX 3050 6G,20,20 Go SSD,
90499,Pc portable Dell Gaming G15 5535 / Ryzen 5 7640HS / 16 Go / 1 To SSD / RTX 3050 6G / Windows 11,2659.0,TND,,0.0,,https://www.tunisianet.com.tn/pc-portable-tunisie/90499-pc-portable-dell-gaming-g15-5535-ryzen-5-7640hs-16-go-1-to-ssd-rtx-3050-6g-windows-11.html,,False,tunisianet,Tunisia,2025-12-27T12:24:21.985263,,RTX 3050 6G,16,16 Go SSD,
81461,Pc Portable Gamer MSI Thin 15 B13U / i5-13420H / RTX 2050 4G / 32 Go / 512 Go SSD / Windows 11 Pro / Gris Cosmos avec Sac à dos MSI Offert,2665.0,TND,2875.0,7.3,,https://www.tunisianet.com.tn/pc-portable-tunisie/81461-pc-portable-gamer-msi-thin-15-b13u-i5-13420h-rtx-2050-4g-32-go-512-go-ssd-windows-11-pro-gris-cosmos-avec-sac-a-dos-msi-offert-.html,,False,tunisianet,Tunisia,2025-12-27T12:24:21.992333,i5-13420H,RTX 2050 4G,32,32 Go SSD,
88275,PC Portable ASUS TUF Gaming A15 FA506NCR / Ryzen 7 7435HS / RTX 3050 4G / 8 Go / 512 Go SSD / Windows 11 / Noir + Sac à dos ASUS TUF GAMING,2669.0,TND,,0.0,,https://www.tunisianet.com.tn/pc-portable-tunisie/88275-pc-portable-asus-tuf-gaming-a15-fa506ncr-ryzen-7-7435hs-rtx-3050-4g-8-go-512-go-ssd-windows-11-noir.html,,False,tunisianet,Tunisia,2025-12-27T12:24:22.000271,,RTX 3050 4G,8,8 Go SSD,
80002,Pc Portable Gamer MSI Thin 15 B13U / i7-13620H / RTX 2050 4G / 24 Go / 512 Go SSD / Gris Cosmos,2669.0,TND,,0.0,,https://www.tunisianet.com.tn/pc-portable-tunisie/80002-pc-portable-gamer-msi-thin-15-b13u-i7-13620h-rtx-2050-4g-24-go-512-go-ssd-gris-cosmos.html,,False,tunisianet,Tunisia,2025-12-27T12:24:22.009267,i7-13620H,RTX 2050 4G,24,24 Go SSD,
90599,Portable Gaming HP Victus Gaming 15-fa2029nk / i7-13620H / RTX 2050 4G / 24 Go / 512 Go SSD / Windows 11 / Argent,2679.0,TND,,0.0,,https://www.tunisianet.com.tn/pc-portable-tunisie/90599-portable-gaming-hp-victus-gaming-15-fa2029nk-i7-13620h-rtx-2050-4g-24-go-512-go-ssd-windows-11-argent.html,,False,tunisianet,Tunisia,2025-12-27T12:24:22.017271,i7-13620H,RTX 2050 4G,24,24 Go SSD,
84455,Pc Portable Gamer ASUS V16 V3607VJ / Intel Core 5 210H / RTX 3050 6G / 16 Go DDR5 / 512 Go SSD / Noir,2679.0,TND,2989.0,10.37,,https://www.tunisianet.com.tn/pc-portable-tunisie/84455-pc-portable-gamer-asus-v16-v3607vj-intel-core-5-210h-rtx-3050-6g-16-go-ddr5-512-go-ssd-noir.html,,False,tunisianet,Tunisia,2025-12-27T12:24:22.024273,,RTX 3050 6G,16,16 Go SSD,
89187,Pc Portable Gamer ASUS V16 V3607VJ / Intel Core 5 210H / RTX 3050 6G / 20 Go DDR5 / 512 Go SSD / Windows 11 Pro / Noir,2689.0,TND,2999.0,10.34,,https://www.tunisianet.com.tn/pc-portable-tunisie/89187-pc-portable-gamer-asus-v16-v3607vj-intel-core-5-210h-rtx-3050-6g-20-go-ddr5-512-go-ssd-windows-11-pro-noir.html,,False,tunisianet,Tunisia,2025-12-27T12:24:22.031262,,RTX 3050 6G,20,20 Go SSD,
88683,Pc Portable Gamer ASUS V16 V3607VJ / Intel Core 5 210H / RTX 3050 6G / 16 Go DDR5 / 512 Go SSD / Windows 11 Pro / Noir,2699.0,TND,3009.0,10.3,,https://www.tunisianet.com.tn/pc-portable-tunisie/88683-pc-portable-gamer-asus-v16-v3607vj-intel-core-5-210h-rtx-3050-6g-16-go-ddr5-512-go-ssd-windows-11-pro-noir.html,,False,tunisianet,Tunisia,2025-12-27T12:24:22.038262,,RTX 3050 6G,16,16 Go SSD,
81617,PC Portable ASUS TUF Gaming A15 FA506NFR / Ryzen 7 7435HS / RTX 2050 4G / 16 Go / 512 Go SSD / Windows 11 / Noir + Cadeau Offert,2699.0,TND,2799.0,3.57,,https://www.tunisianet.com.tn/pc-portable-tunisie/81617-pc-portable-asus-tuf-gaming-a15-fa506nfr-ryzen-7-7435hs-rtx-2050-4g-16-go-512-go-ssd-windows-11-noir-cadeau-offert.html,,False,tunisianet,Tunisia,2025-12-27T12:24:22.045262,,RTX 2050 4G,16,16 Go SSD,
89567,Pc Portable Gamer MSI Thin 15 B13UDX / i7-13620H / RTX 3050 6G / 8 Go / 512 Go SSD / Gris,2699.0,TND,,0.0,,https://www.tunisianet.com.tn/pc-portable-tunisie/89567-pc-portable-gamer-msi-thin-15-b13udx-i7-13620h-rtx-3050-6g-8-go-512-go-ssd-gris.html,,False,tunisianet,Tunisia,2025-12-27T12:24:29.273975,i7-13620H,RTX 3050 6G,8,8 Go SSD,
81287,PC Portable ASUS TUF Gaming A15 FA506NFR / Ryzen 7 7435HS / RTX 2050 4G / 16 Go / 512 Go SSD / Windows 11 / Noir,2699.0,TND,2799.0,3.57,,https://www.tunisianet.com.tn/pc-portable-tunisie/81287-pc-portable-asus-tuf-gaming-a15-fa506nfr-ryzen-7-7435hs-rtx-2050-4g-16-go-512-go-ssd-windows-11-noir.html,,False,tunisianet,Tunisia,2025-12-27T12:24:29.278012,,RTX 2050 4G,16,16 Go SSD,
85506,Pc Portable Gamer HP Victus Gaming 16-R1004nk / i5-14450HX / RTX 3050 6G / 16 Go DDR5 / 512 Go SSD / Windows 11 / Noir,2719.0,TND,,0.0,,https://www.tunisianet.com.tn/pc-portable-tunisie/85506-pc-portable-gamer-hp-victus-gaming-16-r1004nk-i5-14450hx-rtx-3050-6g-16-go-ddr5-512-go-ssd-windows-11-noir.html,,False,tunisianet,Tunisia,2025-12-27T12:24:29.286037,i5-14450HX,RTX 3050 6G,16,16 Go SSD,
79818,Pc Portable Gamer MSI Thin 15 B13U / i7-13620H / RTX 2050 4G / 24 Go / 512 Go SSD / Gris Cosmos Sac à dos MSI Offert,2719.0,TND,,0.0,,https://www.tunisianet.com.tn/pc-portable-tunisie/79818-pc-portable-gamer-msi-thin-15-b13u-i7-13620h-rtx-2050-4g-24-go-512-go-ssd-gris-cosmos-sac-a-dos-msi-offert-.html,,False,tunisianet,Tunisia,2025-12-27T12:24:29.293029,i7-13620H,RTX 2050 4G,24,24 Go SSD,
90319,Portable Gaming HP Victus Gaming 15-fa2028nk / i5-14450HX / RTX 3050 6G / 16 Go / 512 Go SSD / Windows 11 / GRis,2719.0,TND,,0.0,,https://www.tunisianet.com.tn/pc-portable-tunisie/90319-portable-gaming-hp-victus-gaming-15-fa2028nk-i5-14450hx-rtx-3050-6g-16-go-512-go-ssd-windows-11-gris.html,,False,tunisianet,Tunisia,2025-12-27T12:24:29.300023,i5-14450HX,RTX 3050 6G,16,16 Go SSD,
86066,Portable Gaming HP Victus Gaming 15-fa2000nk / i7-13620H / RTX 2050 4G / 32 Go / 512 Go SSD / Windows 11 / Argent,2719.0,TND,,0.0,,https://www.tunisianet.com.tn/pc-portable-tunisie/86066-portable-gaming-hp-victus-gaming-15-fa2000nk-i7-13620h-rtx-2050-4g-32-go-512-go-ssd-windows-11-argent-.html,,False,tunisianet,Tunisia,2025-12-27T12:24:29.307976,i7-13620H,RTX 2050 4G,32,32 Go SSD,
89783,Pc Portable Gamer MSI Thin 15 B13UDX / i5-13420H / RTX 3050 6G / 24 Go / 512 Go SSD / Gris,2729.0,TND,,0.0,,https://www.tunisianet.com.tn/pc-portable-tunisie/89783-pc-portable-gamer-msi-thin-15-b13udx-i5-13420h-rtx-3050-6g-24-go-512-go-ssd-gris.html,,False,tunisianet,Tunisia,2025-12-27T12:24:29.315033,i5-13420H,RTX 3050 6G,24,24 Go SSD,
81105,Pc Portable Gamer MSI Thin 15 B13U / i7-13620H / RTX 2050 4G / 24 Go / 512 Go SSD / Windows 11 Pro / Gris Cosmos,2735.0,TND,,0.0,,https://www.tunisianet.com.tn/pc-portable-tunisie/81105-pc-portable-gamer-msi-thin-15-b13u-i7-13620h-rtx-2050-4g-24-go-512-go-ssd-windows-11-pro-gris-cosmos-.html,,False,tunisianet,Tunisia,2025-12-27T12:24:29.323203,i7-13620H,RTX 2050 4G,24,24 Go SSD,
81096,Pc Portable Gamer MSI Thin 15 B13U / i7-13620H / RTX 2050 4G / 24 Go / 512 Go SSD / Windows 11 Pro / Gris Cosmos Sac à dos MSI Offert,2739.0,TND,,0.0,,https://www.tunisianet.com.tn/pc-portable-tunisie/81096-pc-portable-gamer-msi-thin-15-b13u-i7-13620h-rtx-2050-4g-24-go-512-go-ssd-windows-11-pro-gris-cosmos-sac-a-dos-msi-offert-.html,,False,tunisianet,Tunisia,2025-12-27T12:24:29.331030,i7-13620H,RTX 2050 4G,24,24 Go SSD,
85947,Pc Portable Gamer ASUS V16 V3607VJ / Intel Core 5 210H / RTX 3050 6G / 16 Go DDR5 / 512 Go SSD / Windows 11 Pro / Noir,2739.0,TND,3049.0,10.17,,https://www.tunisianet.com.tn/pc-portable-tunisie/85947-pc-portable-gamer-asus-v16-v3607vj-intel-core-5-210h-rtx-3050-6g-16-go-ddr5-512-go-ssd-windows-11-pro-noir.html,,False,tunisianet,Tunisia,2025-12-27T12:24:29.337034,,RTX 3050 6G,16,16 Go SSD,
90484,Pc Portable Gamer MSI Thin 15 B13UDX / i7-13620H / RTX 3050 6G / 8 Go / 512 Go SSD / Windows 11 Pro / Gris,2759.0,TND,,0.0,,https://www.tunisianet.com.tn/pc-portable-tunisie/90484-pc-portable-gamer-msi-thin-15-b13udx-i7-13620h-rtx-3050-6g-8-go-512-go-ssd-windows-11-pro-gris.html,,False,tunisianet,Tunisia,2025-12-27T12:24:29.345037,i7-13620H,RTX 3050 6G,8,8 Go SSD,
72793,PC Portable ASUS TUF Gaming A15 FA506NF / Ryzen 5 7535HS / RTX 2050 4G / 32 Go / Windows 11 / Noir,2759.0,TND,,0.0,,https://www.tunisianet.com.tn/pc-portable-tunisie/72793-pc-portable-asus-tuf-gaming-a15-fa506nf-ryzen-5-7535hs-rtx-2050-4g-32-go-windows-11-noir.html,,False,tunisianet,Tunisia,2025-12-27T12:24:29.352034,,RTX 2050 4G,32,32 Go SSD,
91490,Pc Portable Gamer HP Victus Gaming 15-fb3008nk / Ryzen 5 8645HS / 16 Go DDR5 / 512 Go SSD / Windows 11 / Noir,2769.0,TND,,0.0,,https://www.tunisianet.com.tn/pc-portable-tunisie/91490-pc-portable-gamer-hp-victus-gaming-15-fb3008nk-ryzen-5-8645hs-16-go-ddr5-512-go-ssd-windows-11-noir.html,,False,tunisianet,Tunisia,2025-12-27T12:24:29.360032,,,16,16 Go SSD,
88684,Pc Portable Gamer ASUS V16 V3607VJ / Intel Core 5 210H / RTX 3050 6G / 24 Go DDR5 / 512 Go SSD / Noir,2789.0,TND,3099.0,10.0,,https://www.tunisianet.com.tn/pc-portable-tunisie/88684-pc-portable-gamer-asus-v16-v3607vj-intel-core-5-210h-rtx-3050-6g-24-go-ddr5-512-go-ssd-noir.html,,False,tunisianet,Tunisia,2025-12-27T12:24:29.367034,,RTX 3050 6G,24,24 Go SSD,
90472,Pc Portable Gamer MSI Thin 15 B13UDX / i5-13420H / RTX 3050 6G / 24 Go / 512 Go SSD / Windows 11 Pro / Gris,2789.0,TND,,0.0,,https://www.tunisianet.com.tn/pc-portable-tunisie/90472-pc-portable-gamer-msi-thin-15-b13udx-i5-13420h-rtx-3050-6g-24-go-512-go-ssd-windows-11-pro-gris.html,,False,tunisianet,Tunisia,2025-12-27T12:24:29.374109,i5-13420H,RTX 3050 6G,24,24 Go SSD,
83649,Pc Portable Gamer MSI Thin 15 B13VE / i5-13420H / RTX 4050 6G / 16 Go / 512 Go SSD / Gris Avec Casque Micro USB Gaming Patriot Viper V380 7.1 Surround / RGB,2799.0,TND,3089.0,9.39,,https://www.tunisianet.com.tn/pc-portable-tunisie/83649-pc-portable-gamer-msi-thin-15-b13ve-i5-13420h-rtx-4050-6g-16-go-512-go-ssd-gris.html,,False,tunisianet,Tunisia,2025-12-27T12:24:29.382034,i5-13420H,RTX 4050 6G,16,16 Go SSD,
90917,Pc Portable Gamer Lenovo LOQ 15IAX9 / i5-12600HX / RTX 3050 6G / 16 Go DDR5 / 512 Go SSD / Windows 11 / Gris,2829.0,TND,,0.0,,https://www.tunisianet.com.tn/pc-portable-tunisie/90917-pc-portable-gamer-lenovo-loq-15iax9-i5-12600hx-rtx-3050-6g-16-go-ddr5-512-go-ssd-windows-11-gris.html,,False,tunisianet,Tunisia,2025-12-27T12:24:29.388976,i5-12600HX,RTX 3050 6G,16,16 Go SSD,
84144,Pc Portable Gamer ASUS V16 V3607VJ / Intel Core 5 210H / RTX 4050 6G / 8 Go DDR5 / 512 Go SSD / Noir,2829.0,TND,3059.0,7.52,,https://www.tunisianet.com.tn/pc-portable-tunisie/84144-pc-portable-gamer-asus-v16-v3607vj-intel-core-5-210h-rtx-4050-6g-8-go-ddr5-512-go-ssd-noir.html,,False,tunisianet,Tunisia,2025-12-27T12:24:29.396736,,RTX 4050 6G,8,8 Go SSD,
84456,Pc Portable Gamer ASUS V16 V3607VJ / Intel Core 5 210H / RTX 3050 6G / 24 Go DDR5 / 512 Go SSD / Noir,2829.0,TND,3139.0,9.88,,https://www.tunisianet.com.tn/pc-portable-tunisie/84456-pc-portable-gamer-asus-v16-v3607vj-intel-core-5-210h-rtx-3050-6g-24-go-ddr5-512-go-ssd-noir.html,,False,tunisianet,Tunisia,2025-12-27T12:24:29.403567,,RTX 3050 6G,24,24 Go SSD,
89651,Pc Portable Gamer Dell Alienware 16 Aurora / Core 5 210H / RTX 3050 6G / 16 Go DDR5 / 512 Go SSD / Bleu,2839.0,TND,,0.0,,https://www.tunisianet.com.tn/pc-portable-tunisie/89651-pc-portable-gamer-dell-alienware-16-aurora-core-5-210h-rtx-3050-6g-16-go-ddr5-512-go-ssd-bleu.html,,False,tunisianet,Tunisia,2025-12-27T12:24:29.411503,,RTX 3050 6G,16,16 Go SSD,
90601,Portable Gaming HP Victus Gaming 15-fa2029nk / i7-13620H / RTX 2050 4G / 32 Go / 512 Go SSD / Windows 11 / Argent,2849.0,TND,,0.0,,https://www.tunisianet.com.tn/pc-portable-tunisie/90601-portable-gaming-hp-victus-gaming-15-fa2029nk-i7-13620h-rtx-2050-4g-32-go-512-go-ssd-windows-11-argent.html,,False,tunisianet,Tunisia,2025-12-27T12:24:29.419183,i7-13620H,RTX 2050 4G,32,32 Go SSD,
88685,Pc Portable Gamer ASUS V16 V3607VJ / Intel Core 5 210H / RTX 3050 6G / 24 Go DDR5 / 512 Go SSD / Windows 11 Pro / Noir,2849.0,TND,3159.0,9.81,,https://www.tunisianet.com.tn/pc-portable-tunisie/88685-pc-portable-gamer-asus-v16-v3607vj-intel-core-5-210h-rtx-3050-6g-24-go-ddr5-512-go-ssd-windows-11-pro-noir.html,,False,tunisianet,Tunisia,2025-12-27T12:24:29.426189,,RTX 3050 6G,24,24 Go SSD,
81288,PC Portable ASUS TUF Gaming A15 FA506NFR / Ryzen 7 7435HS / RTX 2050 4G / 24 Go / 512 Go SSD / Windows 11 / Noir,2849.0,TND,2949.0,3.39,,https://www.tunisianet.com.tn/pc-portable-tunisie/81288-pc-portable-asus-tuf-gaming-a15-fa506nfr-ryzen-7-7435hs-rtx-2050-4g-24-go-512-go-ssd-windows-11-noir.html,,False,tunisianet,Tunisia,2025-12-27T12:24:29.433397,,RTX 2050 4G,24,24 Go SSD,
81619,PC Portable ASUS TUF Gaming A15 FA506NFR / Ryzen 7 7435HS / RTX 2050 4G / 24 Go / 512 Go SSD / Windows 11 / Noir + Cadeau Offert,2849.0,TND,2949.0,3.39,,https://www.tunisianet.com.tn/pc-portable-tunisie/81619-pc-portable-asus-tuf-gaming-a15-fa506nfr-ryzen-7-7435hs-rtx-2050-4g-24-go-512-go-ssd-windows-11-noir.html,,False,tunisianet,Tunisia,2025-12-27T12:24:29.440188,,RTX 2050 4G,24,24 Go SSD,
